PRINT_TYPE,TGID,TID,PROCESS_NAME,KMALLOC_TOTAL_COUNT,KMALLOC_COUNT,KFREE_COUNT,KMALLOC_KIND,KMALLOC_TOP_ENTROPY,KMALLOC_TOP_GINI,DANGER
58,45345,45345,postgres,1,1,0,1,0,0,0
204,45344,45344,postgres,1,1,0,1,0,0,0
222,45344,45344,postgres,1,1,0,1,0,0,0
407,880,880,postgres,1,1,0,1,0,0,0
523,45345,45345,postgres,1,1,0,1,0,0,0
576,45468,45468,pgbench,13,21,8,4,1.352030102,0.485207101,0
578,45469,45469,postgres,6,9,3,4,1.918295834,0.722222222,0
578,45468,45468,pgbench,6,18,12,2,0.650022422,0.277777778,0
578,45341,45341,postgres,2,2,0,2,1,0.5,0
579,45468,45468,pgbench,2,2,0,1,0,0,0
724,45468,45468,pgbench,6,10,4,2,0.650022422,0.277777778,0
724,45470,45470,postgres,6,9,3,4,1.918295834,0.722222222,0
724,45341,45341,postgres,2,2,0,2,1,0.5,0
725,45347,45347,postgres,1,1,0,1,0,0,0
726,45347,45347,postgres,7,16,9,3,1.448815636,0.612244898,0
727,45468,45472,pgbench,2,3,1,2,1,0.5,0
727,45468,45471,pgbench,5,5,0,3,1.370950594,0.56,0
727,45347,45347,postgres,1,2,1,1,0,0,0
727,45468,45468,pgbench,6,6,0,2,0.650022422,0.277777778,0
727,45470,45470,postgres,5,8,3,2,0.721928095,0.32,0
728,45468,45491,pgbench,8,9,1,3,1.061278124,0.40625,0
728,45468,45500,pgbench,2,3,1,2,1,0.5,0
728,45468,45493,pgbench,8,9,1,3,1.061278124,0.40625,0
728,45468,45499,pgbench,2,5,3,2,1,0.5,0
728,45468,45502,pgbench,2,3,1,2,1,0.5,0
728,45504,45504,postgres,7,8,1,4,1.842370993,0.693877551,0
728,45468,45495,pgbench,2,3,1,2,1,0.5,0
728,45506,45506,postgres,7,8,1,4,1.842370993,0.693877551,0
728,45468,45472,pgbench,6,6,0,2,0.650022422,0.277777778,0
728,45468,45480,pgbench,8,9,1,3,1.061278124,0.40625,0
728,45468,45488,pgbench,8,9,1,3,1.061278124,0.40625,0
728,45468,45477,pgbench,8,9,1,3,1.061278124,0.40625,0
728,45468,45474,pgbench,8,9,1,3,1.061278124,0.40625,0
728,45468,45486,pgbench,8,9,1,3,1.061278124,0.40625,0
728,45468,45471,pgbench,4,4,0,1,0,0,0
728,45468,45475,pgbench,8,9,1,3,1.061278124,0.40625,0
728,45507,45507,postgres,5,6,1,4,1.921928095,0.72,0
728,45505,45505,postgres,6,9,3,4,1.918295834,0.722222222,0
728,45468,45494,pgbench,8,9,1,3,1.061278124,0.40625,0
728,45468,45498,pgbench,8,9,1,3,1.061278124,0.40625,0
728,45503,45503,postgres,6,7,1,4,1.918295834,0.722222222,0
728,45468,45490,pgbench,2,3,1,2,1,0.5,0
728,45468,45492,pgbench,8,9,1,3,1.061278124,0.40625,0
728,45497,45497,postgres,7,8,1,4,1.842370993,0.693877551,0
728,45468,45496,pgbench,8,9,1,3,1.061278124,0.40625,0
728,45468,45481,pgbench,8,9,1,3,1.061278124,0.40625,0
728,45468,45478,pgbench,2,5,3,2,1,0.5,0
728,45468,45468,pgbench,34,35,1,4,1.036839086,0.382352941,0
728,45341,45341,postgres,16,16,0,2,1,0.5,0
729,45468,45500,pgbench,6,6,0,2,0.650022422,0.277777778,0
729,45468,45485,pgbench,8,9,1,3,1.061278124,0.40625,0
729,45509,45509,postgres,6,7,1,4,1.918295834,0.722222222,0
729,45508,45508,postgres,6,8,2,4,1.918295834,0.722222222,0
729,45468,45499,pgbench,6,6,0,2,0.650022422,0.277777778,0
729,45504,45504,postgres,1,2,1,1,0,0,0
729,45468,45495,pgbench,6,6,0,2,0.650022422,0.277777778,0
729,45468,45487,pgbench,8,9,1,3,1.061278124,0.40625,0
729,45510,45510,postgres,6,7,1,4,1.918295834,0.722222222,0
729,45507,45507,postgres,2,4,2,1,0,0,0
729,45505,45505,postgres,1,1,0,1,0,0,0
729,45468,45476,pgbench,8,9,1,3,1.061278124,0.40625,0
729,45468,45489,pgbench,2,3,1,2,1,0.5,0
729,45503,45503,postgres,1,3,2,1,0,0,0
729,45468,45490,pgbench,6,6,0,2,0.650022422,0.277777778,0
729,45468,45482,pgbench,2,3,1,2,1,0.5,0
729,45468,45479,pgbench,8,9,1,3,1.061278124,0.40625,0
729,45468,45501,pgbench,8,9,1,3,1.061278124,0.40625,0
729,45468,45473,pgbench,2,3,1,2,1,0.5,0
729,45511,45511,postgres,5,6,1,4,1.921928095,0.72,0
729,45468,45478,pgbench,6,6,0,2,0.650022422,0.277777778,0
729,45468,45484,pgbench,2,3,1,2,1,0.5,0
729,45341,45341,postgres,7,7,0,2,0.985228136,0.489795918,0
730,45468,45502,pgbench,6,6,0,2,0.650022422,0.277777778,0
730,45468,45489,pgbench,6,6,0,2,0.650022422,0.277777778,0
730,45468,45482,pgbench,6,6,0,2,0.650022422,0.277777778,0
730,45468,45473,pgbench,6,6,0,2,0.650022422,0.277777778,0
730,45512,45512,postgres,7,8,1,4,1.842370993,0.693877551,0
730,45511,45511,postgres,1,2,1,1,0,0,0
730,45347,45347,postgres,1,5,4,1,0,0,0
730,45468,45483,pgbench,8,9,1,3,1.061278124,0.40625,0
730,45468,45484,pgbench,6,6,0,2,0.650022422,0.277777778,0
730,45341,45341,postgres,1,1,0,1,0,0,0
731,45516,45516,postgres,6,7,1,4,1.918295834,0.722222222,0
731,45508,45508,postgres,1,2,1,1,0,0,0
731,45504,45504,postgres,1,1,0,1,0,0,0
731,45510,45510,postgres,1,3,2,1,0,0,0
731,45344,45344,postgres,1,1,0,1,0,0,0
731,45503,45503,postgres,1,2,1,1,0,0,0
731,45512,45512,postgres,1,2,1,1,0,0,0
731,45347,45347,postgres,1,7,6,1,0,0,0
731,45341,45341,postgres,10,10,0,2,1,0.5,0
732,45517,45517,postgres,7,10,3,4,1.842370993,0.693877551,0
732,45513,45513,postgres,6,7,1,4,1.918295834,0.722222222,0
732,45508,45508,postgres,1,1,0,1,0,0,0
732,45514,45514,postgres,6,7,1,4,1.918295834,0.722222222,0
732,45506,45506,postgres,1,3,2,1,0,0,0
732,45505,45505,postgres,1,1,0,1,0,0,0
732,45503,45503,postgres,1,1,0,1,0,0,0
732,45497,45497,postgres,1,3,2,1,0,0,0
732,45347,45347,postgres,1,1,0,1,0,0,0
732,45345,45345,postgres,1,1,0,1,0,0,0
732,45341,45341,postgres,6,6,0,2,1,0.5,0
733,45515,45515,postgres,6,7,1,4,1.918295834,0.722222222,0
733,45513,45513,postgres,1,2,1,1,0,0,0
733,45504,45504,postgres,1,2,1,1,0,0,0
733,45514,45514,postgres,1,1,0,1,0,0,0
733,45506,45506,postgres,1,2,1,1,0,0,0
733,45510,45510,postgres,1,1,0,1,0,0,0
733,45518,45518,postgres,6,7,1,4,1.918295834,0.722222222,0
733,45507,45507,postgres,1,2,1,1,0,0,0
733,45497,45497,postgres,1,2,1,1,0,0,0
733,45519,45519,postgres,7,9,2,4,1.842370993,0.693877551,0
733,45347,45347,postgres,1,4,3,1,0,0,0
733,45522,45522,postgres,5,6,1,4,1.921928095,0.72,0
733,45341,45341,postgres,10,10,0,2,1,0.5,0
734,45517,45517,postgres,1,1,0,1,0,0,0
734,45515,45515,postgres,1,1,0,1,0,0,0
734,45508,45508,postgres,1,1,0,1,0,0,0
734,45347,45347,postgres,1,2,1,1,0,0,0
734,45522,45522,postgres,1,1,0,1,0,0,0
734,45341,45341,postgres,6,6,0,2,1,0.5,0
735,45509,45509,postgres,1,1,0,1,0,0,0
735,45508,45508,postgres,1,2,1,1,0,0,0
735,45504,45504,postgres,1,2,1,1,0,0,0
735,45506,45506,postgres,1,1,0,1,0,0,0
735,45527,45527,postgres,5,6,1,4,1.921928095,0.72,0
735,45520,45520,postgres,5,6,1,4,1.921928095,0.72,0
735,45507,45507,postgres,1,2,1,1,0,0,0
735,45505,45505,postgres,1,2,1,1,0,0,0
735,45526,45526,postgres,6,10,4,4,1.918295834,0.722222222,0
735,45503,45503,postgres,1,1,0,1,0,0,0
735,45497,45497,postgres,1,2,1,1,0,0,0
735,45511,45511,postgres,1,1,0,1,0,0,0
735,45519,45519,postgres,1,1,0,1,0,0,0
735,45347,45347,postgres,1,2,1,1,0,0,0
736,45523,45523,postgres,7,9,2,4,1.842370993,0.693877551,0
736,45517,45517,postgres,1,1,0,1,0,0,0
736,45528,45528,postgres,2,3,1,2,1,0.5,0
736,45508,45508,postgres,1,2,1,1,0,0,0
736,45504,45504,postgres,1,2,1,1,0,0,0
736,45514,45514,postgres,1,1,0,1,0,0,0
736,45510,45510,postgres,1,1,0,1,0,0,0
736,45527,45527,postgres,1,3,2,1,0,0,0
736,45520,45520,postgres,1,3,2,1,0,0,0
736,45507,45507,postgres,1,1,0,1,0,0,0
736,45505,45505,postgres,1,2,1,1,0,0,0
736,45503,45503,postgres,1,2,1,1,0,0,0
736,45497,45497,postgres,1,2,1,1,0,0,0
736,45519,45519,postgres,1,2,1,1,0,0,0
736,45525,45525,postgres,7,8,1,4,1.842370993,0.693877551,0
736,45524,45524,postgres,6,7,1,4,1.918295834,0.722222222,0
736,45347,45347,postgres,1,4,3,1,0,0,0
736,45521,45521,postgres,6,7,1,4,1.918295834,0.722222222,0
736,45529,45529,postgres,6,7,1,4,1.918295834,0.722222222,0
737,45516,45516,postgres,1,2,1,1,0,0,0
737,45517,45517,postgres,1,3,2,1,0,0,0
737,45515,45515,postgres,1,2,1,1,0,0,0
737,45528,45528,postgres,4,4,0,3,1.5,0.625,0
737,45504,45504,postgres,1,1,0,1,0,0,0
737,45506,45506,postgres,1,2,1,1,0,0,0
737,45510,45510,postgres,1,1,0,1,0,0,0
737,45520,45520,postgres,1,1,0,1,0,0,0
737,45505,45505,postgres,1,3,2,1,0,0,0
737,45526,45526,postgres,1,1,0,1,0,0,0
737,45503,45503,postgres,1,3,2,1,0,0,0
737,45497,45497,postgres,1,3,2,1,0,0,0
737,45511,45511,postgres,1,1,0,1,0,0,0
737,45519,45519,postgres,1,3,2,1,0,0,0
737,45525,45525,postgres,1,2,1,1,0,0,0
737,45347,45347,postgres,1,3,2,1,0,0,0
737,45522,45522,postgres,1,2,1,1,0,0,0
737,45341,45341,postgres,8,8,0,2,1,0.5,0
738,45530,45530,postgres,6,7,1,4,1.918295834,0.722222222,0
738,45508,45508,postgres,1,1,0,1,0,0,0
738,45506,45506,postgres,1,2,1,1,0,0,0
738,45510,45510,postgres,1,2,1,1,0,0,0
738,45518,45518,postgres,1,3,2,1,0,0,0
738,45531,45531,postgres,6,8,2,4,1.918295834,0.722222222,0
738,45507,45507,postgres,1,2,1,1,0,0,0
738,45505,45505,postgres,1,2,1,1,0,0,0
738,45503,45503,postgres,1,1,0,1,0,0,0
738,45497,45497,postgres,1,2,1,1,0,0,0
738,45511,45511,postgres,1,2,1,1,0,0,0
738,45519,45519,postgres,1,2,1,1,0,0,0
738,45347,45347,postgres,1,6,5,1,0,0,0
739,45523,45523,postgres,1,3,2,1,0,0,0
739,45517,45517,postgres,1,1,0,1,0,0,0
739,45513,45513,postgres,1,1,0,1,0,0,0
739,45508,45508,postgres,1,1,0,1,0,0,0
739,45514,45514,postgres,1,2,1,1,0,0,0
739,45506,45506,postgres,1,2,1,1,0,0,0
739,45510,45510,postgres,1,1,0,1,0,0,0
739,45527,45527,postgres,1,3,2,1,0,0,0
739,45532,45532,postgres,7,9,2,4,1.842370993,0.693877551,0
739,45507,45507,postgres,1,2,1,1,0,0,0
739,45505,45505,postgres,1,2,1,1,0,0,0
739,45497,45497,postgres,1,2,1,1,0,0,0
739,45512,45512,postgres,2,2,0,1,0,0,0
739,45533,45533,postgres,6,9,3,4,1.918295834,0.722222222,0
739,45519,45519,postgres,1,2,1,1,0,0,0
739,45524,45524,postgres,1,1,0,1,0,0,0
739,45347,45347,postgres,1,4,3,1,0,0,0
739,45529,45529,postgres,1,2,1,1,0,0,0
740,45523,45523,postgres,1,1,0,1,0,0,0
740,45528,45528,postgres,1,2,1,1,0,0,0
740,45508,45508,postgres,1,1,0,1,0,0,0
740,45506,45506,postgres,1,1,0,1,0,0,0
740,45518,45518,postgres,1,3,2,1,0,0,0
740,45527,45527,postgres,1,3,2,1,0,0,0
740,45531,45531,postgres,1,1,0,1,0,0,0
740,45520,45520,postgres,1,1,0,1,0,0,0
740,45532,45532,postgres,1,2,1,1,0,0,0
740,45507,45507,postgres,1,3,2,1,0,0,0
740,45505,45505,postgres,1,3,2,1,0,0,0
740,45503,45503,postgres,1,2,1,1,0,0,0
740,45497,45497,postgres,1,3,2,1,0,0,0
740,45512,45512,postgres,1,3,2,1,0,0,0
740,45511,45511,postgres,1,2,1,1,0,0,0
740,45525,45525,postgres,1,1,0,1,0,0,0
740,45347,45347,postgres,1,6,5,1,0,0,0
740,45521,45521,postgres,1,1,0,1,0,0,0
741,45530,45530,postgres,1,1,0,1,0,0,0
741,45508,45508,postgres,1,2,1,1,0,0,0
741,45514,45514,postgres,1,1,0,1,0,0,0
741,45518,45518,postgres,1,1,0,1,0,0,0
741,45527,45527,postgres,1,2,1,1,0,0,0
741,45520,45520,postgres,1,1,0,1,0,0,0
741,45505,45505,postgres,1,2,1,1,0,0,0
741,45503,45503,postgres,1,2,1,1,0,0,0
741,45497,45497,postgres,1,2,1,1,0,0,0
741,45512,45512,postgres,1,2,1,1,0,0,0
741,45533,45533,postgres,1,2,1,1,0,0,0
741,45519,45519,postgres,1,1,0,1,0,0,0
741,45524,45524,postgres,1,1,0,1,0,0,0
741,45522,45522,postgres,1,2,1,1,0,0,0
742,45530,45530,postgres,1,3,2,1,0,0,0
742,45517,45517,postgres,1,1,0,1,0,0,0
742,45515,45515,postgres,1,1,0,1,0,0,0
742,45509,45509,postgres,1,1,0,1,0,0,0
742,45508,45508,postgres,1,2,1,1,0,0,0
742,45504,45504,postgres,1,1,0,1,0,0,0
742,45514,45514,postgres,1,1,0,1,0,0,0
742,45510,45510,postgres,1,2,1,1,0,0,0
742,45518,45518,postgres,1,1,0,1,0,0,0
742,45527,45527,postgres,1,2,1,1,0,0,0
742,45531,45531,postgres,1,1,0,1,0,0,0
742,45532,45532,postgres,1,1,0,1,0,0,0
742,45507,45507,postgres,1,2,1,1,0,0,0
742,45526,45526,postgres,1,1,0,1,0,0,0
742,45503,45503,postgres,1,2,1,1,0,0,0
742,45497,45497,postgres,1,1,0,1,0,0,0
742,45512,45512,postgres,1,2,1,1,0,0,0
742,45533,45533,postgres,1,1,0,1,0,0,0
742,45525,45525,postgres,1,1,0,1,0,0,0
742,45522,45522,postgres,1,2,1,1,0,0,0
742,45529,45529,postgres,1,1,0,1,0,0,0
743,45516,45516,postgres,1,3,2,1,0,0,0
743,45517,45517,postgres,1,1,0,1,0,0,0
743,45515,45515,postgres,1,2,1,1,0,0,0
743,45509,45509,postgres,1,1,0,1,0,0,0
743,45508,45508,postgres,1,3,2,1,0,0,0
743,45504,45504,postgres,1,1,0,1,0,0,0
743,45514,45514,postgres,1,1,0,1,0,0,0
743,45510,45510,postgres,1,3,2,1,0,0,0
743,45518,45518,postgres,1,1,0,1,0,0,0
743,45527,45527,postgres,1,3,2,1,0,0,0
743,45531,45531,postgres,1,1,0,1,0,0,0
743,45532,45532,postgres,1,1,0,1,0,0,0
743,45507,45507,postgres,1,1,0,1,0,0,0
743,45505,45505,postgres,1,1,0,1,0,0,0
743,45526,45526,postgres,1,1,0,1,0,0,0
743,45503,45503,postgres,1,3,2,1,0,0,0
743,45512,45512,postgres,1,3,2,1,0,0,0
744,45530,45530,postgres,1,1,0,1,0,0,0
744,45515,45515,postgres,1,1,0,1,0,0,0
744,45508,45508,postgres,1,1,0,1,0,0,0
744,45510,45510,postgres,1,1,0,1,0,0,0
744,45527,45527,postgres,1,1,0,1,0,0,0
744,45520,45520,postgres,1,1,0,1,0,0,0
744,45503,45503,postgres,1,1,0,1,0,0,0
744,45512,45512,postgres,1,1,0,1,0,0,0
744,45524,45524,postgres,1,1,0,1,0,0,0
744,45522,45522,postgres,1,1,0,1,0,0,0
745,45516,45516,postgres,1,1,0,1,0,0,0
745,45515,45515,postgres,1,2,1,1,0,0,0
745,45528,45528,postgres,1,1,0,1,0,0,0
745,45513,45513,postgres,1,1,0,1,0,0,0
745,45508,45508,postgres,1,2,1,1,0,0,0
745,45527,45527,postgres,1,1,0,1,0,0,0
745,45503,45503,postgres,1,2,1,1,0,0,0
745,45497,45497,postgres,1,1,0,1,0,0,0
745,45512,45512,postgres,1,2,1,1,0,0,0
745,45519,45519,postgres,1,1,0,1,0,0,0
745,45524,45524,postgres,1,2,1,1,0,0,0
747,45516,45516,postgres,1,1,0,1,0,0,0
747,45530,45530,postgres,1,1,0,1,0,0,0
747,45523,45523,postgres,1,1,0,1,0,0,0
747,45515,45515,postgres,1,2,1,1,0,0,0
747,45508,45508,postgres,1,1,0,1,0,0,0
747,45510,45510,postgres,1,2,1,1,0,0,0
747,45503,45503,postgres,1,2,1,1,0,0,0
747,45512,45512,postgres,1,2,1,1,0,0,0
747,45511,45511,postgres,1,1,0,1,0,0,0
747,45533,45533,postgres,1,1,0,1,0,0,0
747,45525,45525,postgres,1,1,0,1,0,0,0
747,45524,45524,postgres,1,2,1,1,0,0,0
747,45522,45522,postgres,1,1,0,1,0,0,0
747,45529,45529,postgres,1,2,1,1,0,0,0
748,45528,45528,postgres,1,1,0,1,0,0,0
748,45513,45513,postgres,1,1,0,1,0,0,0
748,45506,45506,postgres,1,1,0,1,0,0,0
748,45510,45510,postgres,1,2,1,1,0,0,0
748,45527,45527,postgres,1,1,0,1,0,0,0
748,45344,45344,postgres,1,1,0,1,0,0,0
748,45503,45503,postgres,1,1,0,1,0,0,0
748,45497,45497,postgres,1,1,0,1,0,0,0
748,45512,45512,postgres,1,2,1,1,0,0,0
748,45511,45511,postgres,1,2,1,1,0,0,0
748,45519,45519,postgres,1,2,1,1,0,0,0
748,45524,45524,postgres,1,2,1,1,0,0,0
748,45521,45521,postgres,1,1,0,1,0,0,0
748,45529,45529,postgres,1,2,1,1,0,0,0
749,45517,45517,postgres,1,1,0,1,0,0,0
749,45509,45509,postgres,1,1,0,1,0,0,0
749,45504,45504,postgres,1,1,0,1,0,0,0
749,45514,45514,postgres,1,1,0,1,0,0,0
749,45510,45510,postgres,1,1,0,1,0,0,0
749,45518,45518,postgres,1,1,0,1,0,0,0
749,45531,45531,postgres,1,1,0,1,0,0,0
749,45532,45532,postgres,1,1,0,1,0,0,0
749,45507,45507,postgres,1,1,0,1,0,0,0
749,45526,45526,postgres,1,1,0,1,0,0,0
749,45503,45503,postgres,1,1,0,1,0,0,0
749,45512,45512,postgres,1,1,0,1,0,0,0
749,45511,45511,postgres,1,1,0,1,0,0,0
749,45524,45524,postgres,1,1,0,1,0,0,0
749,45521,45521,postgres,1,1,0,1,0,0,0
749,45529,45529,postgres,1,1,0,1,0,0,0
750,45515,45515,postgres,1,1,0,1,0,0,0
750,45528,45528,postgres,1,1,0,1,0,0,0
750,45513,45513,postgres,1,1,0,1,0,0,0
750,45510,45510,postgres,1,1,0,1,0,0,0
750,45527,45527,postgres,1,1,0,1,0,0,0
750,45531,45531,postgres,1,1,0,1,0,0,0
750,45503,45503,postgres,1,1,0,1,0,0,0
750,45497,45497,postgres,1,1,0,1,0,0,0
750,45512,45512,postgres,1,1,0,1,0,0,0
750,45519,45519,postgres,1,1,0,1,0,0,0
750,45524,45524,postgres,1,1,0,1,0,0,0
750,45521,45521,postgres,1,1,0,1,0,0,0
750,45345,45345,postgres,1,1,0,1,0,0,0
750,45529,45529,postgres,1,1,0,1,0,0,0
751,45516,45516,postgres,1,1,0,1,0,0,0
751,45523,45523,postgres,1,1,0,1,0,0,0
751,45510,45510,postgres,1,1,0,1,0,0,0
751,45527,45527,postgres,1,1,0,1,0,0,0
751,45531,45531,postgres,1,1,0,1,0,0,0
751,45512,45512,postgres,1,1,0,1,0,0,0
751,45511,45511,postgres,1,1,0,1,0,0,0
751,45524,45524,postgres,1,1,0,1,0,0,0
751,45521,45521,postgres,1,1,0,1,0,0,0
751,45529,45529,postgres,1,1,0,1,0,0,0
753,45523,45523,postgres,1,1,0,1,0,0,0
753,45510,45510,postgres,1,1,0,1,0,0,0
753,45527,45527,postgres,1,1,0,1,0,0,0
753,45531,45531,postgres,1,1,0,1,0,0,0
753,45503,45503,postgres,1,1,0,1,0,0,0
753,45512,45512,postgres,1,1,0,1,0,0,0
753,45521,45521,postgres,1,1,0,1,0,0,0
753,45529,45529,postgres,1,1,0,1,0,0,0
754,45523,45523,postgres,1,2,1,1,0,0,0
754,45515,45515,postgres,1,1,0,1,0,0,0
754,45506,45506,postgres,1,1,0,1,0,0,0
754,45510,45510,postgres,1,2,1,1,0,0,0
754,45527,45527,postgres,1,2,1,1,0,0,0
754,45531,45531,postgres,1,2,1,1,0,0,0
754,45520,45520,postgres,1,2,1,1,0,0,0
754,45519,45519,postgres,1,1,0,1,0,0,0
754,45524,45524,postgres,1,2,1,1,0,0,0
754,45521,45521,postgres,1,1,0,1,0,0,0
754,45529,45529,postgres,1,2,1,1,0,0,0
755,45523,45523,postgres,1,2,1,1,0,0,0
755,45506,45506,postgres,1,1,0,1,0,0,0
755,45527,45527,postgres,1,2,1,1,0,0,0
755,45531,45531,postgres,1,2,1,1,0,0,0
755,45520,45520,postgres,1,2,1,1,0,0,0
755,45505,45505,postgres,1,2,1,1,0,0,0
755,45512,45512,postgres,1,1,0,1,0,0,0
755,45524,45524,postgres,1,1,0,1,0,0,0
755,45521,45521,postgres,1,1,0,1,0,0,0
755,45529,45529,postgres,1,2,1,1,0,0,0
756,45516,45516,postgres,1,1,0,1,0,0,0
756,45506,45506,postgres,1,3,2,1,0,0,0
756,45510,45510,postgres,1,2,1,1,0,0,0
756,45531,45531,postgres,2,3,1,1,0,0,0
756,45520,45520,postgres,1,3,2,1,0,0,0
756,45505,45505,postgres,1,1,0,1,0,0,0
756,45512,45512,postgres,1,1,0,1,0,0,0
756,45524,45524,postgres,2,3,1,1,0,0,0
756,45521,45521,postgres,2,2,0,1,0,0,0
756,45529,45529,postgres,1,3,2,1,0,0,0
757,45523,45523,postgres,1,1,0,1,0,0,0
757,45528,45528,postgres,1,1,0,1,0,0,0
757,45513,45513,postgres,1,1,0,1,0,0,0
757,45506,45506,postgres,1,1,0,1,0,0,0
757,45527,45527,postgres,1,1,0,1,0,0,0
757,45531,45531,postgres,1,1,0,1,0,0,0
757,45520,45520,postgres,1,1,0,1,0,0,0
757,45505,45505,postgres,1,1,0,1,0,0,0
757,45497,45497,postgres,1,1,0,1,0,0,0
757,45511,45511,postgres,1,2,1,1,0,0,0
757,45524,45524,postgres,1,1,0,1,0,0,0
757,45529,45529,postgres,1,1,0,1,0,0,0
758,45528,45528,postgres,1,1,0,1,0,0,0
758,45510,45510,postgres,1,1,0,1,0,0,0
758,45531,45531,postgres,1,1,0,1,0,0,0
758,45520,45520,postgres,1,1,0,1,0,0,0
758,45511,45511,postgres,1,1,0,1,0,0,0
758,45524,45524,postgres,1,1,0,1,0,0,0
758,45521,45521,postgres,1,1,0,1,0,0,0
758,45529,45529,postgres,1,1,0,1,0,0,0
759,45530,45530,postgres,1,1,0,1,0,0,0
759,45523,45523,postgres,1,1,0,1,0,0,0
759,45528,45528,postgres,1,2,1,1,0,0,0
759,45508,45508,postgres,1,1,0,1,0,0,0
759,45506,45506,postgres,1,1,0,1,0,0,0
759,45510,45510,postgres,1,2,1,1,0,0,0
759,45527,45527,postgres,1,1,0,1,0,0,0
759,45531,45531,postgres,1,2,1,1,0,0,0
759,45520,45520,postgres,1,2,1,1,0,0,0
759,45503,45503,postgres,1,1,0,1,0,0,0
759,45533,45533,postgres,1,1,0,1,0,0,0
759,45525,45525,postgres,1,1,0,1,0,0,0
759,45524,45524,postgres,1,2,1,1,0,0,0
759,45522,45522,postgres,1,1,0,1,0,0,0
759,45529,45529,postgres,1,1,0,1,0,0,0
760,45516,45516,postgres,1,1,0,1,0,0,0
760,45528,45528,postgres,1,1,0,1,0,0,0
760,45506,45506,postgres,1,1,0,1,0,0,0
760,45510,45510,postgres,1,1,0,1,0,0,0
760,45531,45531,postgres,1,1,0,1,0,0,0
760,45512,45512,postgres,1,1,0,1,0,0,0
760,45511,45511,postgres,1,1,0,1,0,0,0
760,45524,45524,postgres,1,1,0,1,0,0,0
760,45522,45522,postgres,1,1,0,1,0,0,0
760,45521,45521,postgres,1,1,0,1,0,0,0
760,45529,45529,postgres,1,1,0,1,0,0,0
761,45516,45516,postgres,1,2,1,1,0,0,0
761,45530,45530,postgres,1,1,0,1,0,0,0
761,45523,45523,postgres,1,1,0,1,0,0,0
761,45528,45528,postgres,1,2,1,1,0,0,0
761,45508,45508,postgres,1,1,0,1,0,0,0
761,45510,45510,postgres,1,2,1,1,0,0,0
761,45520,45520,postgres,1,1,0,1,0,0,0
761,45511,45511,postgres,2,2,0,1,0,0,0
761,45533,45533,postgres,1,1,0,1,0,0,0
761,45519,45519,postgres,1,1,0,1,0,0,0
761,45524,45524,postgres,2,2,0,1,0,0,0
761,45529,45529,postgres,2,2,0,1,0,0,0
762,45516,45516,postgres,1,1,0,1,0,0,0
762,45517,45517,postgres,1,1,0,1,0,0,0
762,45515,45515,postgres,1,2,1,1,0,0,0
762,45528,45528,postgres,1,1,0,1,0,0,0
762,45509,45509,postgres,1,1,0,1,0,0,0
762,45508,45508,postgres,1,1,0,1,0,0,0
762,45504,45504,postgres,1,1,0,1,0,0,0
762,45514,45514,postgres,1,1,0,1,0,0,0
762,45510,45510,postgres,1,1,0,1,0,0,0
762,45518,45518,postgres,1,1,0,1,0,0,0
762,45527,45527,postgres,1,1,0,1,0,0,0
762,45532,45532,postgres,1,1,0,1,0,0,0
762,45507,45507,postgres,1,1,0,1,0,0,0
762,45526,45526,postgres,1,1,0,1,0,0,0
762,45503,45503,postgres,1,1,0,1,0,0,0
762,45511,45511,postgres,1,1,0,1,0,0,0
762,45525,45525,postgres,1,1,0,1,0,0,0
762,45522,45522,postgres,1,1,0,1,0,0,0
762,45529,45529,postgres,1,1,0,1,0,0,0
763,45516,45516,postgres,1,1,0,1,0,0,0
763,45515,45515,postgres,1,1,0,1,0,0,0
763,45528,45528,postgres,1,1,0,1,0,0,0
763,45508,45508,postgres,1,1,0,1,0,0,0
763,45518,45518,postgres,1,1,0,1,0,0,0
763,45531,45531,postgres,1,2,1,1,0,0,0
763,45511,45511,postgres,1,1,0,1,0,0,0
763,45524,45524,postgres,1,1,0,1,0,0,0
763,45529,45529,postgres,1,1,0,1,0,0,0
764,45516,45516,postgres,1,2,1,1,0,0,0
764,45517,45517,postgres,1,1,0,1,0,0,0
764,45515,45515,postgres,1,2,1,1,0,0,0
764,45509,45509,postgres,1,1,0,1,0,0,0
764,45508,45508,postgres,1,2,1,1,0,0,0
764,45504,45504,postgres,1,1,0,1,0,0,0
764,45514,45514,postgres,1,1,0,1,0,0,0
764,45510,45510,postgres,1,1,0,1,0,0,0
764,45531,45531,postgres,1,2,1,1,0,0,0
764,45520,45520,postgres,1,2,1,1,0,0,0
764,45532,45532,postgres,1,1,0,1,0,0,0
764,45507,45507,postgres,1,1,0,1,0,0,0
764,45526,45526,postgres,1,1,0,1,0,0,0
764,879,879,postgres,1,1,0,1,0,0,0
764,45511,45511,postgres,1,2,1,1,0,0,0
764,45524,45524,postgres,1,2,1,1,0,0,0
764,45529,45529,postgres,1,2,1,1,0,0,0
765,45516,45516,postgres,1,1,0,1,0,0,0
765,45517,45517,postgres,1,1,0,1,0,0,0
765,45515,45515,postgres,1,1,0,1,0,0,0
765,45528,45528,postgres,1,1,0,1,0,0,0
765,45513,45513,postgres,1,1,0,1,0,0,0
765,45518,45518,postgres,1,2,1,1,0,0,0
765,45344,45344,postgres,1,1,0,1,0,0,0
765,45531,45531,postgres,1,1,0,1,0,0,0
765,45520,45520,postgres,1,1,0,1,0,0,0
765,45505,45505,postgres,1,1,0,1,0,0,0
765,45497,45497,postgres,1,1,0,1,0,0,0
765,45511,45511,postgres,1,1,0,1,0,0,0
765,45524,45524,postgres,1,1,0,1,0,0,0
765,45529,45529,postgres,1,1,0,1,0,0,0
766,45516,45516,postgres,1,2,1,1,0,0,0
766,45530,45530,postgres,1,1,0,1,0,0,0
766,45523,45523,postgres,1,1,0,1,0,0,0
766,45517,45517,postgres,1,2,1,1,0,0,0
766,45515,45515,postgres,1,1,0,1,0,0,0
766,45528,45528,postgres,1,1,0,1,0,0,0
766,45508,45508,postgres,1,1,0,1,0,0,0
766,45527,45527,postgres,1,2,1,1,0,0,0
766,45531,45531,postgres,1,2,1,1,0,0,0
766,45503,45503,postgres,1,1,0,1,0,0,0
766,45497,45497,postgres,1,2,1,1,0,0,0
766,45511,45511,postgres,1,2,1,1,0,0,0
766,45533,45533,postgres,1,1,0,1,0,0,0
766,45519,45519,postgres,1,1,0,1,0,0,0
766,45525,45525,postgres,1,1,0,1,0,0,0
766,45524,45524,postgres,1,2,1,1,0,0,0
766,45522,45522,postgres,1,1,0,1,0,0,0
766,45529,45529,postgres,1,2,1,1,0,0,0
767,45516,45516,postgres,1,2,1,1,0,0,0
767,45517,45517,postgres,1,2,1,1,0,0,0
767,45528,45528,postgres,1,1,0,1,0,0,0
767,45527,45527,postgres,1,2,1,1,0,0,0
767,45531,45531,postgres,1,2,1,1,0,0,0
767,45520,45520,postgres,1,1,0,1,0,0,0
767,45497,45497,postgres,1,2,1,1,0,0,0
767,45519,45519,postgres,1,1,0,1,0,0,0
767,45524,45524,postgres,1,2,1,1,0,0,0
767,45522,45522,postgres,1,1,0,1,0,0,0
767,45345,45345,postgres,1,1,0,1,0,0,0
767,45529,45529,postgres,1,2,1,1,0,0,0
769,45516,45516,postgres,1,1,0,1,0,0,0
769,45517,45517,postgres,1,2,1,1,0,0,0
769,45506,45506,postgres,1,1,0,1,0,0,0
769,45531,45531,postgres,1,2,1,1,0,0,0
769,45497,45497,postgres,1,2,1,1,0,0,0
769,45512,45512,postgres,1,1,0,1,0,0,0
769,45511,45511,postgres,1,2,1,1,0,0,0
769,45524,45524,postgres,1,2,1,1,0,0,0
769,45522,45522,postgres,1,2,1,1,0,0,0
769,45521,45521,postgres,1,1,0,1,0,0,0
769,45529,45529,postgres,1,2,1,1,0,0,0
770,45516,45516,postgres,1,1,0,1,0,0,0
770,45530,45530,postgres,1,1,0,1,0,0,0
770,45523,45523,postgres,1,1,0,1,0,0,0
770,45527,45527,postgres,1,1,0,1,0,0,0
770,45531,45531,postgres,1,1,0,1,0,0,0
770,45503,45503,postgres,1,1,0,1,0,0,0
770,45497,45497,postgres,1,1,0,1,0,0,0
770,45511,45511,postgres,1,1,0,1,0,0,0
770,45533,45533,postgres,1,1,0,1,0,0,0
770,45525,45525,postgres,1,1,0,1,0,0,0
770,45524,45524,postgres,1,1,0,1,0,0,0
770,45522,45522,postgres,1,1,0,1,0,0,0
770,45521,45521,postgres,1,1,0,1,0,0,0
770,45529,45529,postgres,1,1,0,1,0,0,0
771,45517,45517,postgres,1,1,0,1,0,0,0
771,45509,45509,postgres,1,1,0,1,0,0,0
771,45504,45504,postgres,1,1,0,1,0,0,0
771,45514,45514,postgres,1,1,0,1,0,0,0
771,45527,45527,postgres,1,1,0,1,0,0,0
771,45531,45531,postgres,1,1,0,1,0,0,0
771,45532,45532,postgres,1,1,0,1,0,0,0
771,45507,45507,postgres,1,1,0,1,0,0,0
771,45526,45526,postgres,1,1,0,1,0,0,0
771,45497,45497,postgres,1,1,0,1,0,0,0
771,45511,45511,postgres,1,1,0,1,0,0,0
771,45524,45524,postgres,1,1,0,1,0,0,0
771,45522,45522,postgres,1,1,0,1,0,0,0
771,45521,45521,postgres,1,1,0,1,0,0,0
771,45529,45529,postgres,1,1,0,1,0,0,0
772,45516,45516,postgres,1,1,0,1,0,0,0
772,45530,45530,postgres,1,2,1,1,0,0,0
772,45523,45523,postgres,1,1,0,1,0,0,0
772,45528,45528,postgres,1,1,0,1,0,0,0
772,45531,45531,postgres,1,2,1,1,0,0,0
772,45503,45503,postgres,1,1,0,1,0,0,0
772,45497,45497,postgres,1,2,1,1,0,0,0
772,45511,45511,postgres,1,2,1,1,0,0,0
772,45533,45533,postgres,1,1,0,1,0,0,0
772,45525,45525,postgres,1,1,0,1,0,0,0
772,45524,45524,postgres,1,2,1,1,0,0,0
772,45522,45522,postgres,1,1,0,1,0,0,0
772,45521,45521,postgres,1,2,1,1,0,0,0
772,45529,45529,postgres,1,2,1,1,0,0,0
773,45516,45516,postgres,1,1,0,1,0,0,0
773,45530,45530,postgres,1,1,0,1,0,0,0
773,45523,45523,postgres,1,1,0,1,0,0,0
773,45528,45528,postgres,1,2,1,1,0,0,0
773,45509,45509,postgres,1,1,0,1,0,0,0
773,45504,45504,postgres,1,2,1,1,0,0,0
773,45514,45514,postgres,1,1,0,1,0,0,0
773,45527,45527,postgres,1,1,0,1,0,0,0
773,45531,45531,postgres,1,2,1,1,0,0,0
773,45532,45532,postgres,1,1,0,1,0,0,0
773,45507,45507,postgres,1,1,0,1,0,0,0
773,45526,45526,postgres,1,1,0,1,0,0,0
773,45503,45503,postgres,1,1,0,1,0,0,0
773,45497,45497,postgres,1,2,1,1,0,0,0
773,45533,45533,postgres,1,1,0,1,0,0,0
773,45524,45524,postgres,1,2,1,1,0,0,0
773,45521,45521,postgres,1,2,1,1,0,0,0
773,45529,45529,postgres,1,2,1,1,0,0,0
774,45516,45516,postgres,1,1,0,1,0,0,0
774,45523,45523,postgres,1,1,0,1,0,0,0
774,45528,45528,postgres,1,2,1,1,0,0,0
774,45514,45514,postgres,1,2,1,1,0,0,0
774,45531,45531,postgres,1,2,1,1,0,0,0
774,45503,45503,postgres,1,1,0,1,0,0,0
774,45497,45497,postgres,1,2,1,1,0,0,0
774,45511,45511,postgres,1,1,0,1,0,0,0
774,45533,45533,postgres,1,1,0,1,0,0,0
774,45524,45524,postgres,1,2,1,1,0,0,0
774,45347,45347,postgres,1,1,0,1,0,0,0
774,45521,45521,postgres,1,2,1,1,0,0,0
774,45529,45529,postgres,1,2,1,1,0,0,0
775,45516,45516,postgres,1,2,1,1,0,0,0
775,45517,45517,postgres,1,1,0,1,0,0,0
775,45528,45528,postgres,1,2,1,1,0,0,0
775,45509,45509,postgres,1,1,0,1,0,0,0
775,45504,45504,postgres,1,1,0,1,0,0,0
775,45514,45514,postgres,1,2,1,1,0,0,0
775,45506,45506,postgres,1,1,0,1,0,0,0
775,45527,45527,postgres,1,1,0,1,0,0,0
775,45531,45531,postgres,1,2,1,1,0,0,0
775,45532,45532,postgres,1,1,0,1,0,0,0
775,45526,45526,postgres,1,1,0,1,0,0,0
775,45497,45497,postgres,1,2,1,1,0,0,0
775,45512,45512,postgres,1,1,0,1,0,0,0
775,45524,45524,postgres,1,2,1,1,0,0,0
775,45521,45521,postgres,1,1,0,1,0,0,0
775,45529,45529,postgres,1,2,1,1,0,0,0
776,45523,45523,postgres,1,1,0,1,0,0,0
776,45517,45517,postgres,2,3,1,1,0,0,0
776,45528,45528,postgres,2,3,1,1,0,0,0
776,45514,45514,postgres,1,3,2,1,0,0,0
776,45527,45527,postgres,1,1,0,1,0,0,0
776,45531,45531,postgres,1,3,2,1,0,0,0
776,45532,45532,postgres,1,1,0,1,0,0,0
776,45507,45507,postgres,1,1,0,1,0,0,0
776,45526,45526,postgres,1,1,0,1,0,0,0
776,45497,45497,postgres,1,2,1,1,0,0,0
776,45533,45533,postgres,1,1,0,1,0,0,0
776,45519,45519,postgres,2,2,0,1,0,0,0
776,45524,45524,postgres,2,3,1,1,0,0,0
776,45347,45347,postgres,1,2,1,1,0,0,0
776,45529,45529,postgres,1,1,0,1,0,0,0
777,45516,45516,postgres,1,1,0,1,0,0,0
777,45523,45523,postgres,1,1,0,1,0,0,0
777,45517,45517,postgres,1,2,1,1,0,0,0
777,45528,45528,postgres,1,2,1,1,0,0,0
777,45509,45509,postgres,1,1,0,1,0,0,0
777,45514,45514,postgres,1,2,1,1,0,0,0
777,45527,45527,postgres,1,1,0,1,0,0,0
777,45531,45531,postgres,1,2,1,1,0,0,0
777,45532,45532,postgres,1,1,0,1,0,0,0
777,45503,45503,postgres,1,2,1,1,0,0,0
777,45497,45497,postgres,1,3,2,1,0,0,0
777,45533,45533,postgres,1,1,0,1,0,0,0
777,45519,45519,postgres,1,2,1,1,0,0,0
777,45524,45524,postgres,1,2,1,1,0,0,0
777,45347,45347,postgres,1,1,0,1,0,0,0
778,45517,45517,postgres,1,1,0,1,0,0,0
778,45528,45528,postgres,1,2,1,1,0,0,0
778,45514,45514,postgres,1,2,1,1,0,0,0
778,45506,45506,postgres,1,1,0,1,0,0,0
778,45527,45527,postgres,1,2,1,1,0,0,0
778,45531,45531,postgres,1,2,1,1,0,0,0
778,45532,45532,postgres,1,1,0,1,0,0,0
778,45526,45526,postgres,1,1,0,1,0,0,0
778,45497,45497,postgres,1,2,1,1,0,0,0
778,45512,45512,postgres,1,1,0,1,0,0,0
778,45533,45533,postgres,1,2,1,1,0,0,0
778,45524,45524,postgres,1,2,1,1,0,0,0
778,45347,45347,postgres,1,6,5,1,0,0,0
779,45517,45517,postgres,1,1,0,1,0,0,0
779,45528,45528,postgres,1,2,1,1,0,0,0
779,45514,45514,postgres,1,2,1,1,0,0,0
779,45527,45527,postgres,1,1,0,1,0,0,0
779,45531,45531,postgres,1,2,1,1,0,0,0
779,45532,45532,postgres,1,1,0,1,0,0,0
779,45497,45497,postgres,1,2,1,1,0,0,0
779,45533,45533,postgres,1,2,1,1,0,0,0
779,45519,45519,postgres,1,1,0,1,0,0,0
779,45524,45524,postgres,1,2,1,1,0,0,0
779,45347,45347,postgres,1,1,0,1,0,0,0
779,45529,45529,postgres,1,2,1,1,0,0,0
780,45528,45528,postgres,1,2,1,1,0,0,0
780,45514,45514,postgres,1,1,0,1,0,0,0
780,45506,45506,postgres,1,2,1,1,0,0,0
780,45531,45531,postgres,1,2,1,1,0,0,0
780,45532,45532,postgres,1,2,1,1,0,0,0
780,45497,45497,postgres,1,2,1,1,0,0,0
780,45512,45512,postgres,1,1,0,1,0,0,0
780,45519,45519,postgres,1,1,0,1,0,0,0
780,45524,45524,postgres,1,2,1,1,0,0,0
780,45347,45347,postgres,1,1,0,1,0,0,0
780,45529,45529,postgres,1,2,1,1,0,0,0
781,45523,45523,postgres,1,2,1,1,0,0,0
781,45528,45528,postgres,1,2,1,1,0,0,0
781,45514,45514,postgres,1,1,0,1,0,0,0
781,45506,45506,postgres,1,1,0,1,0,0,0
781,45531,45531,postgres,1,2,1,1,0,0,0
781,45532,45532,postgres,1,2,1,1,0,0,0
781,879,879,postgres,1,1,0,1,0,0,0
781,45533,45533,postgres,1,1,0,1,0,0,0
781,45519,45519,postgres,1,1,0,1,0,0,0
781,45524,45524,postgres,1,2,1,1,0,0,0
781,45347,45347,postgres,1,1,0,1,0,0,0
781,45529,45529,postgres,1,2,1,1,0,0,0
782,45523,45523,postgres,1,2,1,1,0,0,0
782,45515,45515,postgres,1,1,0,1,0,0,0
782,45528,45528,postgres,1,1,0,1,0,0,0
782,45508,45508,postgres,1,1,0,1,0,0,0
782,45504,45504,postgres,1,1,0,1,0,0,0
782,45506,45506,postgres,1,1,0,1,0,0,0
782,45518,45518,postgres,1,1,0,1,0,0,0
782,45531,45531,postgres,1,2,1,1,0,0,0
782,45520,45520,postgres,1,1,0,1,0,0,0
782,45532,45532,postgres,1,2,1,1,0,0,0
782,45507,45507,postgres,1,1,0,1,0,0,0
782,45505,45505,postgres,2,2,0,1,0,0,0
782,45497,45497,postgres,1,1,0,1,0,0,0
782,45519,45519,postgres,1,2,1,1,0,0,0
782,45524,45524,postgres,1,2,1,1,0,0,0
782,45347,45347,postgres,2,2,0,1,0,0,0
782,45522,45522,postgres,1,1,0,1,0,0,0
782,45521,45521,postgres,1,1,0,1,0,0,0
782,45529,45529,postgres,1,2,1,1,0,0,0
783,45515,45515,postgres,1,1,0,1,0,0,0
783,45513,45513,postgres,1,1,0,1,0,0,0
783,45504,45504,postgres,1,1,0,1,0,0,0
783,45514,45514,postgres,1,1,0,1,0,0,0
783,45518,45518,postgres,1,1,0,1,0,0,0
783,45344,45344,postgres,1,1,0,1,0,0,0
783,45531,45531,postgres,1,2,1,1,0,0,0
783,45520,45520,postgres,1,1,0,1,0,0,0
783,45532,45532,postgres,1,2,1,1,0,0,0
783,45507,45507,postgres,1,1,0,1,0,0,0
783,45533,45533,postgres,1,1,0,1,0,0,0
783,45519,45519,postgres,1,2,1,1,0,0,0
783,45524,45524,postgres,1,2,1,1,0,0,0
783,45347,45347,postgres,1,1,0,1,0,0,0
783,45522,45522,postgres,1,1,0,1,0,0,0
783,45521,45521,postgres,1,2,1,1,0,0,0
783,45529,45529,postgres,1,2,1,1,0,0,0
784,45523,45523,postgres,1,1,0,1,0,0,0
784,45515,45515,postgres,1,1,0,1,0,0,0
784,45513,45513,postgres,1,1,0,1,0,0,0
784,45504,45504,postgres,1,1,0,1,0,0,0
784,45518,45518,postgres,1,1,0,1,0,0,0
784,45531,45531,postgres,1,1,0,1,0,0,0
784,45520,45520,postgres,1,1,0,1,0,0,0
784,45507,45507,postgres,1,1,0,1,0,0,0
784,45505,45505,postgres,1,1,0,1,0,0,0
784,45347,45347,postgres,1,1,0,1,0,0,0
784,45522,45522,postgres,1,1,0,1,0,0,0
784,45521,45521,postgres,1,1,0,1,0,0,0
784,45529,45529,postgres,1,1,0,1,0,0,0
785,45508,45508,postgres,1,2,1,1,0,0,0
785,45514,45514,postgres,1,2,1,1,0,0,0
785,45531,45531,postgres,1,1,0,1,0,0,0
785,45532,45532,postgres,1,1,0,1,0,0,0
785,45512,45512,postgres,1,1,0,1,0,0,0
785,45519,45519,postgres,1,2,1,1,0,0,0
785,45524,45524,postgres,1,2,1,1,0,0,0
785,45347,45347,postgres,1,1,0,1,0,0,0
785,45521,45521,postgres,1,1,0,1,0,0,0
785,45345,45345,postgres,1,1,0,1,0,0,0
785,45529,45529,postgres,1,1,0,1,0,0,0
786,45523,45523,postgres,1,1,0,1,0,0,0
786,45515,45515,postgres,1,1,0,1,0,0,0
786,45513,45513,postgres,1,1,0,1,0,0,0
786,45508,45508,postgres,1,2,1,1,0,0,0
786,45504,45504,postgres,1,1,0,1,0,0,0
786,45514,45514,postgres,1,3,2,1,0,0,0
786,45518,45518,postgres,1,3,2,1,0,0,0
786,45520,45520,postgres,1,1,0,1,0,0,0
786,45532,45532,postgres,1,1,0,1,0,0,0
786,45507,45507,postgres,1,1,0,1,0,0,0
786,45505,45505,postgres,1,3,2,1,0,0,0
786,45512,45512,postgres,1,1,0,1,0,0,0
786,45519,45519,postgres,1,2,1,1,0,0,0
786,45524,45524,postgres,1,3,2,1,0,0,0
786,45347,45347,postgres,1,2,1,1,0,0,0
786,45522,45522,postgres,1,1,0,1,0,0,0
786,45521,45521,postgres,1,3,2,1,0,0,0
786,45529,45529,postgres,1,3,2,1,0,0,0
787,45523,45523,postgres,1,3,2,1,0,0,0
787,45515,45515,postgres,1,1,0,1,0,0,0
787,45513,45513,postgres,1,1,0,1,0,0,0
787,45504,45504,postgres,1,1,0,1,0,0,0
787,45514,45514,postgres,1,3,2,1,0,0,0
787,45518,45518,postgres,1,3,2,1,0,0,0
787,45527,45527,postgres,1,2,1,1,0,0,0
787,45531,45531,postgres,1,1,0,1,0,0,0
787,45520,45520,postgres,1,1,0,1,0,0,0
787,45507,45507,postgres,1,2,1,1,0,0,0
787,45505,45505,postgres,1,1,0,1,0,0,0
787,45503,45503,postgres,1,2,1,1,0,0,0
787,45519,45519,postgres,1,2,1,1,0,0,0
787,45524,45524,postgres,1,3,2,1,0,0,0
787,45347,45347,postgres,1,2,1,1,0,0,0
787,45522,45522,postgres,1,1,0,1,0,0,0
787,45521,45521,postgres,1,3,2,1,0,0,0
787,45529,45529,postgres,1,3,2,1,0,0,0
788,45516,45516,postgres,1,1,0,1,0,0,0
788,45523,45523,postgres,1,1,0,1,0,0,0
788,45508,45508,postgres,1,1,0,1,0,0,0
788,45514,45514,postgres,1,2,1,1,0,0,0
788,45518,45518,postgres,1,2,1,1,0,0,0
788,45531,45531,postgres,1,1,0,1,0,0,0
788,45532,45532,postgres,1,1,0,1,0,0,0
788,45503,45503,postgres,1,2,1,1,0,0,0
788,45524,45524,postgres,1,2,1,1,0,0,0
788,45521,45521,postgres,1,2,1,1,0,0,0
788,45529,45529,postgres,1,2,1,1,0,0,0
789,45515,45515,postgres,1,1,0,1,0,0,0
789,45513,45513,postgres,1,1,0,1,0,0,0
789,45504,45504,postgres,1,2,1,1,0,0,0
789,45514,45514,postgres,1,2,1,1,0,0,0
789,45518,45518,postgres,1,1,0,1,0,0,0
789,45520,45520,postgres,1,1,0,1,0,0,0
789,45507,45507,postgres,1,1,0,1,0,0,0
789,45503,45503,postgres,1,2,1,1,0,0,0
789,45524,45524,postgres,1,2,1,1,0,0,0
789,45522,45522,postgres,1,1,0,1,0,0,0
789,45521,45521,postgres,1,2,1,1,0,0,0
789,45529,45529,postgres,1,2,1,1,0,0,0
790,45515,45515,postgres,1,1,0,1,0,0,0
790,45528,45528,postgres,1,1,0,1,0,0,0
790,45513,45513,postgres,1,1,0,1,0,0,0
790,45514,45514,postgres,1,3,2,1,0,0,0
790,45506,45506,postgres,1,2,1,1,0,0,0
790,45531,45531,postgres,1,3,2,1,0,0,0
790,45520,45520,postgres,1,1,0,1,0,0,0
790,45532,45532,postgres,1,1,0,1,0,0,0
790,45507,45507,postgres,1,1,0,1,0,0,0
790,45524,45524,postgres,1,3,2,1,0,0,0
790,45347,45347,postgres,1,1,0,1,0,0,0
790,45522,45522,postgres,1,1,0,1,0,0,0
790,45521,45521,postgres,1,1,0,1,0,0,0
790,45529,45529,postgres,1,3,2,1,0,0,0
791,45515,45515,postgres,1,1,0,1,0,0,0
791,45528,45528,postgres,1,1,0,1,0,0,0
791,45513,45513,postgres,1,2,1,1,0,0,0
791,45504,45504,postgres,1,4,3,1,0,0,0
791,45514,45514,postgres,1,3,2,1,0,0,0
791,45531,45531,postgres,1,3,2,1,0,0,0
791,45520,45520,postgres,1,1,0,1,0,0,0
791,45532,45532,postgres,1,1,0,1,0,0,0
791,45507,45507,postgres,1,1,0,1,0,0,0
791,45503,45503,postgres,1,3,2,1,0,0,0
791,45519,45519,postgres,1,1,0,1,0,0,0
791,45524,45524,postgres,1,3,2,1,0,0,0
791,45347,45347,postgres,1,1,0,1,0,0,0
791,45522,45522,postgres,1,1,0,1,0,0,0
791,45529,45529,postgres,1,3,2,1,0,0,0
792,45528,45528,postgres,1,1,0,1,0,0,0
792,45513,45513,postgres,1,1,0,1,0,0,0
792,45504,45504,postgres,1,1,0,1,0,0,0
792,45506,45506,postgres,1,1,0,1,0,0,0
792,45527,45527,postgres,1,1,0,1,0,0,0
792,45531,45531,postgres,1,1,0,1,0,0,0
792,45532,45532,postgres,1,1,0,1,0,0,0
792,45503,45503,postgres,1,1,0,1,0,0,0
792,45519,45519,postgres,1,1,0,1,0,0,0
792,45524,45524,postgres,1,1,0,1,0,0,0
792,45347,45347,postgres,1,1,0,1,0,0,0
792,45529,45529,postgres,1,1,0,1,0,0,0
793,45528,45528,postgres,1,1,0,1,0,0,0
793,45508,45508,postgres,1,1,0,1,0,0,0
793,45504,45504,postgres,1,1,0,1,0,0,0
793,45518,45518,postgres,1,1,0,1,0,0,0
793,45531,45531,postgres,1,1,0,1,0,0,0
793,45503,45503,postgres,1,1,0,1,0,0,0
793,45533,45533,postgres,1,1,0,1,0,0,0
793,45519,45519,postgres,1,1,0,1,0,0,0
793,45524,45524,postgres,1,1,0,1,0,0,0
793,45529,45529,postgres,1,1,0,1,0,0,0
794,45515,45515,postgres,1,1,0,1,0,0,0
794,45528,45528,postgres,1,1,0,1,0,0,0
794,45513,45513,postgres,1,1,0,1,0,0,0
794,45508,45508,postgres,1,1,0,1,0,0,0
794,45514,45514,postgres,1,1,0,1,0,0,0
794,45527,45527,postgres,1,1,0,1,0,0,0
794,45531,45531,postgres,1,1,0,1,0,0,0
794,45520,45520,postgres,1,1,0,1,0,0,0
794,45507,45507,postgres,1,1,0,1,0,0,0
794,45503,45503,postgres,1,1,0,1,0,0,0
794,45519,45519,postgres,1,1,0,1,0,0,0
794,45524,45524,postgres,1,1,0,1,0,0,0
794,45529,45529,postgres,1,1,0,1,0,0,0
795,45515,45515,postgres,1,1,0,1,0,0,0
795,45528,45528,postgres,1,2,1,1,0,0,0
795,45508,45508,postgres,1,2,1,1,0,0,0
795,45504,45504,postgres,1,2,1,1,0,0,0
795,45527,45527,postgres,1,1,0,1,0,0,0
795,45531,45531,postgres,1,2,1,1,0,0,0
795,45520,45520,postgres,1,1,0,1,0,0,0
795,45507,45507,postgres,1,1,0,1,0,0,0
795,45519,45519,postgres,1,2,1,1,0,0,0
795,45524,45524,postgres,1,2,1,1,0,0,0
795,45347,45347,postgres,1,1,0,1,0,0,0
795,45529,45529,postgres,1,2,1,1,0,0,0
796,45528,45528,postgres,1,2,1,1,0,0,0
796,45508,45508,postgres,1,2,1,1,0,0,0
796,45506,45506,postgres,1,2,1,1,0,0,0
796,45531,45531,postgres,1,2,1,1,0,0,0
796,45520,45520,postgres,1,1,0,1,0,0,0
796,45532,45532,postgres,1,1,0,1,0,0,0
796,45503,45503,postgres,1,2,1,1,0,0,0
796,45519,45519,postgres,1,1,0,1,0,0,0
796,45524,45524,postgres,1,2,1,1,0,0,0
796,45529,45529,postgres,1,2,1,1,0,0,0
797,45515,45515,postgres,1,1,0,1,0,0,0
797,45528,45528,postgres,1,2,1,1,0,0,0
797,45508,45508,postgres,1,2,1,1,0,0,0
797,45506,45506,postgres,1,1,0,1,0,0,0
797,45527,45527,postgres,1,1,0,1,0,0,0
797,45531,45531,postgres,1,2,1,1,0,0,0
797,45520,45520,postgres,1,2,1,1,0,0,0
797,45507,45507,postgres,1,1,0,1,0,0,0
797,45503,45503,postgres,1,2,1,1,0,0,0
797,45524,45524,postgres,1,2,1,1,0,0,0
797,45347,45347,postgres,1,1,0,1,0,0,0
797,45529,45529,postgres,1,2,1,1,0,0,0
798,45528,45528,postgres,1,1,0,1,0,0,0
798,45508,45508,postgres,1,1,0,1,0,0,0
798,45527,45527,postgres,1,1,0,1,0,0,0
798,45531,45531,postgres,1,1,0,1,0,0,0
798,45520,45520,postgres,1,1,0,1,0,0,0
798,45507,45507,postgres,1,1,0,1,0,0,0
798,45503,45503,postgres,1,1,0,1,0,0,0
798,45529,45529,postgres,1,1,0,1,0,0,0
799,45516,45516,postgres,1,1,0,1,0,0,0
799,45530,45530,postgres,1,1,0,1,0,0,0
799,45523,45523,postgres,1,1,0,1,0,0,0
799,45528,45528,postgres,1,2,1,1,0,0,0
799,45509,45509,postgres,1,1,0,1,0,0,0
799,45508,45508,postgres,1,2,1,1,0,0,0
799,45504,45504,postgres,1,3,2,1,0,0,0
799,45510,45510,postgres,1,2,1,1,0,0,0
799,45531,45531,postgres,1,2,1,1,0,0,0
799,45532,45532,postgres,1,1,0,1,0,0,0
799,45526,45526,postgres,1,1,0,1,0,0,0
799,45503,45503,postgres,1,2,1,1,0,0,0
799,45497,45497,postgres,1,1,0,1,0,0,0
799,45511,45511,postgres,1,1,0,1,0,0,0
799,45525,45525,postgres,1,1,0,1,0,0,0
799,45524,45524,postgres,1,1,0,1,0,0,0
799,45347,45347,postgres,1,1,0,1,0,0,0
799,45522,45522,postgres,1,1,0,1,0,0,0
799,45529,45529,postgres,1,2,1,1,0,0,0
800,45528,45528,postgres,1,2,1,1,0,0,0
800,45508,45508,postgres,1,2,1,1,0,0,0
800,45527,45527,postgres,1,2,1,1,0,0,0
800,45531,45531,postgres,1,2,1,1,0,0,0
800,45520,45520,postgres,1,1,0,1,0,0,0
800,45532,45532,postgres,1,2,1,1,0,0,0
800,45507,45507,postgres,1,2,1,1,0,0,0
800,45503,45503,postgres,1,2,1,1,0,0,0
800,45529,45529,postgres,1,2,1,1,0,0,0
801,45516,45516,postgres,1,1,0,1,0,0,0
801,45530,45530,postgres,1,1,0,1,0,0,0
801,45523,45523,postgres,1,1,0,1,0,0,0
801,45515,45515,postgres,1,1,0,1,0,0,0
801,45528,45528,postgres,1,2,1,1,0,0,0
801,45509,45509,postgres,1,1,0,1,0,0,0
801,45504,45504,postgres,1,2,1,1,0,0,0
801,45510,45510,postgres,1,1,0,1,0,0,0
801,45527,45527,postgres,1,2,1,1,0,0,0
801,45531,45531,postgres,1,2,1,1,0,0,0
801,45532,45532,postgres,1,2,1,1,0,0,0
801,45507,45507,postgres,1,2,1,1,0,0,0
801,45526,45526,postgres,1,1,0,1,0,0,0
801,45503,45503,postgres,1,1,0,1,0,0,0
801,45497,45497,postgres,1,1,0,1,0,0,0
801,45511,45511,postgres,1,1,0,1,0,0,0
801,45525,45525,postgres,1,2,1,1,0,0,0
801,45347,45347,postgres,1,1,0,1,0,0,0
801,45522,45522,postgres,1,1,0,1,0,0,0
801,45529,45529,postgres,1,2,1,1,0,0,0
802,45515,45515,postgres,1,2,1,1,0,0,0
802,45528,45528,postgres,1,2,1,1,0,0,0
802,45508,45508,postgres,1,1,0,1,0,0,0
802,45514,45514,postgres,1,1,0,1,0,0,0
802,45506,45506,postgres,1,1,0,1,0,0,0
802,45518,45518,postgres,1,2,1,1,0,0,0
802,45527,45527,postgres,1,2,1,1,0,0,0
802,45531,45531,postgres,1,2,1,1,0,0,0
802,45532,45532,postgres,1,2,1,1,0,0,0
802,45507,45507,postgres,1,1,0,1,0,0,0
802,45533,45533,postgres,1,1,0,1,0,0,0
802,45345,45345,postgres,1,1,0,1,0,0,0
802,45529,45529,postgres,1,2,1,1,0,0,0
803,45516,45516,postgres,1,1,0,1,0,0,0
803,45530,45530,postgres,1,1,0,1,0,0,0
803,45523,45523,postgres,1,1,0,1,0,0,0
803,45515,45515,postgres,1,1,0,1,0,0,0
803,45528,45528,postgres,1,1,0,1,0,0,0
803,45509,45509,postgres,1,1,0,1,0,0,0
803,45527,45527,postgres,1,1,0,1,0,0,0
803,45531,45531,postgres,1,1,0,1,0,0,0
803,45532,45532,postgres,1,1,0,1,0,0,0
803,45526,45526,postgres,1,1,0,1,0,0,0
803,45497,45497,postgres,1,1,0,1,0,0,0
803,45511,45511,postgres,1,1,0,1,0,0,0
803,45525,45525,postgres,1,1,0,1,0,0,0
803,45347,45347,postgres,1,1,0,1,0,0,0
803,45522,45522,postgres,1,1,0,1,0,0,0
803,45529,45529,postgres,1,1,0,1,0,0,0
804,45516,45516,postgres,1,1,0,1,0,0,0
804,45530,45530,postgres,1,1,0,1,0,0,0
804,45523,45523,postgres,1,1,0,1,0,0,0
804,45515,45515,postgres,1,2,1,1,0,0,0
804,45509,45509,postgres,1,1,0,1,0,0,0
804,45514,45514,postgres,1,1,0,1,0,0,0
804,45506,45506,postgres,1,1,0,1,0,0,0
804,45518,45518,postgres,1,2,1,1,0,0,0
804,45527,45527,postgres,1,2,1,1,0,0,0
804,45531,45531,postgres,1,2,1,1,0,0,0
804,45532,45532,postgres,1,2,1,1,0,0,0
804,45526,45526,postgres,1,1,0,1,0,0,0
804,45497,45497,postgres,1,1,0,1,0,0,0
804,45511,45511,postgres,1,1,0,1,0,0,0
804,45533,45533,postgres,1,2,1,1,0,0,0
804,45347,45347,postgres,1,1,0,1,0,0,0
804,45522,45522,postgres,1,1,0,1,0,0,0
804,45529,45529,postgres,1,2,1,1,0,0,0
805,45515,45515,postgres,1,2,1,1,0,0,0
805,45528,45528,postgres,1,1,0,1,0,0,0
805,45514,45514,postgres,1,1,0,1,0,0,0
805,45506,45506,postgres,1,1,0,1,0,0,0
805,45518,45518,postgres,1,2,1,1,0,0,0
805,45527,45527,postgres,1,2,1,1,0,0,0
805,45531,45531,postgres,1,2,1,1,0,0,0
805,45520,45520,postgres,1,2,1,1,0,0,0
805,45532,45532,postgres,1,2,1,1,0,0,0
805,45503,45503,postgres,1,1,0,1,0,0,0
805,45533,45533,postgres,1,1,0,1,0,0,0
805,45347,45347,postgres,1,2,1,1,0,0,0
805,45529,45529,postgres,1,2,1,1,0,0,0
806,45516,45516,postgres,1,1,0,1,0,0,0
806,45523,45523,postgres,1,1,0,1,0,0,0
806,45515,45515,postgres,1,2,1,1,0,0,0
806,45509,45509,postgres,1,1,0,1,0,0,0
806,45506,45506,postgres,1,2,1,1,0,0,0
806,45518,45518,postgres,1,2,1,1,0,0,0
806,45527,45527,postgres,1,2,1,1,0,0,0
806,45531,45531,postgres,1,2,1,1,0,0,0
806,45520,45520,postgres,1,1,0,1,0,0,0
806,45532,45532,postgres,1,2,1,1,0,0,0
806,45526,45526,postgres,1,1,0,1,0,0,0
806,45503,45503,postgres,1,1,0,1,0,0,0
806,45497,45497,postgres,1,1,0,1,0,0,0
806,45533,45533,postgres,1,2,1,1,0,0,0
806,45522,45522,postgres,1,1,0,1,0,0,0
806,45529,45529,postgres,1,2,1,1,0,0,0
807,45516,45516,postgres,1,1,0,1,0,0,0
807,45523,45523,postgres,1,1,0,1,0,0,0
807,45515,45515,postgres,1,2,1,1,0,0,0
807,45509,45509,postgres,1,2,1,1,0,0,0
807,45514,45514,postgres,1,1,0,1,0,0,0
807,45518,45518,postgres,1,2,1,1,0,0,0
807,45531,45531,postgres,1,2,1,1,0,0,0
807,45532,45532,postgres,1,2,1,1,0,0,0
807,45526,45526,postgres,1,1,0,1,0,0,0
807,45503,45503,postgres,1,2,1,1,0,0,0
807,45497,45497,postgres,1,1,0,1,0,0,0
807,45511,45511,postgres,1,1,0,1,0,0,0
807,45533,45533,postgres,1,2,1,1,0,0,0
807,45347,45347,postgres,1,1,0,1,0,0,0
807,45529,45529,postgres,1,2,1,1,0,0,0
808,45509,45509,postgres,1,1,0,1,0,0,0
808,45514,45514,postgres,1,1,0,1,0,0,0
808,45506,45506,postgres,1,2,1,1,0,0,0
808,45518,45518,postgres,1,1,0,1,0,0,0
808,45527,45527,postgres,1,1,0,1,0,0,0
808,45531,45531,postgres,1,1,0,1,0,0,0
808,45532,45532,postgres,1,1,0,1,0,0,0
808,45507,45507,postgres,1,1,0,1,0,0,0
808,45503,45503,postgres,1,1,0,1,0,0,0
808,45533,45533,postgres,1,1,0,1,0,0,0
808,45529,45529,postgres,1,1,0,1,0,0,0
809,45515,45515,postgres,1,1,0,1,0,0,0
809,45504,45504,postgres,1,1,0,1,0,0,0
809,45514,45514,postgres,1,1,0,1,0,0,0
809,45518,45518,postgres,1,1,0,1,0,0,0
809,45531,45531,postgres,1,1,0,1,0,0,0
809,45532,45532,postgres,2,2,0,1,0,0,0
809,45507,45507,postgres,1,1,0,1,0,0,0
809,45503,45503,postgres,1,1,0,1,0,0,0
809,45533,45533,postgres,1,1,0,1,0,0,0
809,45347,45347,postgres,1,1,0,1,0,0,0
809,45529,45529,postgres,1,1,0,1,0,0,0
810,45516,45516,postgres,1,1,0,1,0,0,0
810,45523,45523,postgres,1,1,0,1,0,0,0
810,45509,45509,postgres,1,1,0,1,0,0,0
810,45504,45504,postgres,1,2,1,1,0,0,0
810,45514,45514,postgres,1,2,1,1,0,0,0
810,45518,45518,postgres,1,2,1,1,0,0,0
810,45531,45531,postgres,1,2,1,1,0,0,0
810,45532,45532,postgres,1,1,0,1,0,0,0
810,45507,45507,postgres,1,2,1,1,0,0,0
810,45503,45503,postgres,1,2,1,1,0,0,0
810,45497,45497,postgres,1,1,0,1,0,0,0
810,45533,45533,postgres,1,1,0,1,0,0,0
810,45529,45529,postgres,1,2,1,1,0,0,0
811,45516,45516,postgres,1,1,0,1,0,0,0
811,45523,45523,postgres,1,1,0,1,0,0,0
811,45504,45504,postgres,1,1,0,1,0,0,0
811,45514,45514,postgres,1,1,0,1,0,0,0
811,45518,45518,postgres,1,1,0,1,0,0,0
811,45531,45531,postgres,1,1,0,1,0,0,0
811,45507,45507,postgres,1,1,0,1,0,0,0
811,45526,45526,postgres,1,1,0,1,0,0,0
811,45503,45503,postgres,1,1,0,1,0,0,0
811,45497,45497,postgres,1,1,0,1,0,0,0
811,45347,45347,postgres,1,1,0,1,0,0,0
811,45529,45529,postgres,1,1,0,1,0,0,0
812,45515,45515,postgres,1,1,0,1,0,0,0
812,45509,45509,postgres,1,1,0,1,0,0,0
812,45514,45514,postgres,1,1,0,1,0,0,0
812,45518,45518,postgres,1,1,0,1,0,0,0
812,45531,45531,postgres,1,1,0,1,0,0,0
812,45507,45507,postgres,1,1,0,1,0,0,0
812,45503,45503,postgres,1,1,0,1,0,0,0
812,45497,45497,postgres,1,1,0,1,0,0,0
812,45529,45529,postgres,1,1,0,1,0,0,0
813,45515,45515,postgres,1,1,0,1,0,0,0
813,45504,45504,postgres,1,1,0,1,0,0,0
813,45514,45514,postgres,1,1,0,1,0,0,0
813,45518,45518,postgres,1,1,0,1,0,0,0
813,45531,45531,postgres,1,1,0,1,0,0,0
813,45532,45532,postgres,1,1,0,1,0,0,0
813,45507,45507,postgres,1,1,0,1,0,0,0
813,45503,45503,postgres,1,1,0,1,0,0,0
813,45529,45529,postgres,1,1,0,1,0,0,0
814,45516,45516,postgres,1,1,0,1,0,0,0
814,45523,45523,postgres,1,1,0,1,0,0,0
814,45515,45515,postgres,1,1,0,1,0,0,0
814,45504,45504,postgres,1,1,0,1,0,0,0
814,45514,45514,postgres,1,1,0,1,0,0,0
814,45518,45518,postgres,1,1,0,1,0,0,0
814,45531,45531,postgres,1,1,0,1,0,0,0
814,45507,45507,postgres,1,1,0,1,0,0,0
814,45497,45497,postgres,1,1,0,1,0,0,0
814,45529,45529,postgres,1,1,0,1,0,0,0
815,45516,45516,postgres,1,1,0,1,0,0,0
815,45515,45515,postgres,1,1,0,1,0,0,0
815,45504,45504,postgres,1,1,0,1,0,0,0
815,45514,45514,postgres,1,1,0,1,0,0,0
815,45531,45531,postgres,1,1,0,1,0,0,0
815,45507,45507,postgres,1,1,0,1,0,0,0
815,45526,45526,postgres,1,1,0,1,0,0,0
815,45503,45503,postgres,1,1,0,1,0,0,0
815,45529,45529,postgres,1,1,0,1,0,0,0
816,45515,45515,postgres,1,2,1,1,0,0,0
816,45504,45504,postgres,1,2,1,1,0,0,0
816,45514,45514,postgres,1,1,0,1,0,0,0
816,45518,45518,postgres,1,2,1,1,0,0,0
816,45531,45531,postgres,1,2,1,1,0,0,0
816,45520,45520,postgres,1,2,1,1,0,0,0
816,45507,45507,postgres,1,2,1,1,0,0,0
816,45526,45526,postgres,1,2,1,1,0,0,0
816,45503,45503,postgres,1,1,0,1,0,0,0
816,45497,45497,postgres,1,1,0,1,0,0,0
816,45529,45529,postgres,1,2,1,1,0,0,0
817,45516,45516,postgres,1,1,0,1,0,0,0
817,45523,45523,postgres,1,2,1,1,0,0,0
817,45515,45515,postgres,1,2,1,1,0,0,0
817,45504,45504,postgres,1,2,1,1,0,0,0
817,45518,45518,postgres,1,2,1,1,0,0,0
817,45531,45531,postgres,1,2,1,1,0,0,0
817,45520,45520,postgres,1,2,1,1,0,0,0
817,45526,45526,postgres,1,1,0,1,0,0,0
817,45503,45503,postgres,1,2,1,1,0,0,0
817,45529,45529,postgres,1,2,1,1,0,0,0
818,45523,45523,postgres,1,1,0,1,0,0,0
818,45515,45515,postgres,1,1,0,1,0,0,0
818,45504,45504,postgres,1,1,0,1,0,0,0
818,45506,45506,postgres,1,1,0,1,0,0,0
818,45518,45518,postgres,1,1,0,1,0,0,0
818,45531,45531,postgres,1,1,0,1,0,0,0
818,45520,45520,postgres,1,1,0,1,0,0,0
818,45507,45507,postgres,1,1,0,1,0,0,0
818,45533,45533,postgres,1,1,0,1,0,0,0
818,45529,45529,postgres,1,1,0,1,0,0,0
819,45523,45523,postgres,1,1,0,1,0,0,0
819,45515,45515,postgres,1,1,0,1,0,0,0
819,45504,45504,postgres,1,1,0,1,0,0,0
819,45514,45514,postgres,1,1,0,1,0,0,0
819,45518,45518,postgres,1,1,0,1,0,0,0
819,45531,45531,postgres,1,1,0,1,0,0,0
819,45520,45520,postgres,1,1,0,1,0,0,0
819,45503,45503,postgres,1,1,0,1,0,0,0
819,45345,45345,postgres,1,1,0,1,0,0,0
819,45529,45529,postgres,1,1,0,1,0,0,0
820,45523,45523,postgres,1,1,0,1,0,0,0
820,45515,45515,postgres,1,2,1,1,0,0,0
820,45514,45514,postgres,1,2,1,1,0,0,0
820,45506,45506,postgres,1,2,1,1,0,0,0
820,45518,45518,postgres,1,2,1,1,0,0,0
820,45531,45531,postgres,1,2,1,1,0,0,0
820,45520,45520,postgres,1,2,1,1,0,0,0
820,45533,45533,postgres,1,1,0,1,0,0,0
820,45529,45529,postgres,1,2,1,1,0,0,0
821,45516,45516,postgres,1,1,0,1,0,0,0
821,45515,45515,postgres,1,1,0,1,0,0,0
821,45504,45504,postgres,1,1,0,1,0,0,0
821,45514,45514,postgres,1,1,0,1,0,0,0
821,45518,45518,postgres,1,1,0,1,0,0,0
821,45531,45531,postgres,1,1,0,1,0,0,0
821,45520,45520,postgres,1,1,0,1,0,0,0
821,45347,45347,postgres,1,1,0,1,0,0,0
821,45529,45529,postgres,1,1,0,1,0,0,0
822,45530,45530,postgres,1,1,0,1,0,0,0
822,45515,45515,postgres,1,2,1,1,0,0,0
822,45513,45513,postgres,1,1,0,1,0,0,0
822,45508,45508,postgres,1,1,0,1,0,0,0
822,45514,45514,postgres,1,2,1,1,0,0,0
822,45506,45506,postgres,1,2,1,1,0,0,0
822,45510,45510,postgres,1,1,0,1,0,0,0
822,45518,45518,postgres,1,2,1,1,0,0,0
822,45527,45527,postgres,1,1,0,1,0,0,0
822,45520,45520,postgres,1,2,1,1,0,0,0
822,45532,45532,postgres,1,1,0,1,0,0,0
822,45511,45511,postgres,1,1,0,1,0,0,0
822,45525,45525,postgres,1,1,0,1,0,0,0
822,45522,45522,postgres,1,1,0,1,0,0,0
822,45529,45529,postgres,1,2,1,1,0,0,0
823,45531,45531,postgres,1,1,0,1,0,0,0
824,45516,45516,postgres,1,1,0,1,0,0,0
824,45513,45513,postgres,1,1,0,1,0,0,0
824,45514,45514,postgres,1,1,0,1,0,0,0
824,45518,45518,postgres,1,1,0,1,0,0,0
824,45531,45531,postgres,1,1,0,1,0,0,0
824,45520,45520,postgres,1,1,0,1,0,0,0
824,45347,45347,postgres,1,1,0,1,0,0,0
824,45529,45529,postgres,1,1,0,1,0,0,0
825,45523,45523,postgres,1,1,0,1,0,0,0
825,45515,45515,postgres,1,1,0,1,0,0,0
825,45513,45513,postgres,1,1,0,1,0,0,0
825,45509,45509,postgres,1,1,0,1,0,0,0
825,45514,45514,postgres,1,1,0,1,0,0,0
825,45518,45518,postgres,1,1,0,1,0,0,0
825,45531,45531,postgres,1,1,0,1,0,0,0
825,45520,45520,postgres,1,1,0,1,0,0,0
825,45503,45503,postgres,1,1,0,1,0,0,0
825,45529,45529,postgres,1,1,0,1,0,0,0
826,45516,45516,postgres,1,1,0,1,0,0,0
826,45515,45515,postgres,1,1,0,1,0,0,0
826,45513,45513,postgres,1,1,0,1,0,0,0
826,45509,45509,postgres,1,1,0,1,0,0,0
826,45514,45514,postgres,1,1,0,1,0,0,0
826,45518,45518,postgres,1,1,0,1,0,0,0
826,45520,45520,postgres,1,1,0,1,0,0,0
826,45529,45529,postgres,1,1,0,1,0,0,0
827,45515,45515,postgres,1,1,0,1,0,0,0
827,45509,45509,postgres,1,1,0,1,0,0,0
827,45514,45514,postgres,1,1,0,1,0,0,0
827,45518,45518,postgres,1,1,0,1,0,0,0
827,45531,45531,postgres,1,1,0,1,0,0,0
827,45520,45520,postgres,1,1,0,1,0,0,0
827,45529,45529,postgres,1,1,0,1,0,0,0
828,45530,45530,postgres,1,1,0,1,0,0,0
828,45515,45515,postgres,1,1,0,1,0,0,0
828,45513,45513,postgres,1,1,0,1,0,0,0
828,45509,45509,postgres,1,1,0,1,0,0,0
828,45508,45508,postgres,1,1,0,1,0,0,0
828,45514,45514,postgres,1,1,0,1,0,0,0
828,45506,45506,postgres,1,1,0,1,0,0,0
828,45510,45510,postgres,1,1,0,1,0,0,0
828,45518,45518,postgres,1,1,0,1,0,0,0
828,45527,45527,postgres,1,1,0,1,0,0,0
828,45344,45344,postgres,1,1,0,1,0,0,0
828,45520,45520,postgres,1,2,1,1,0,0,0
828,45532,45532,postgres,1,1,0,1,0,0,0
828,45511,45511,postgres,1,1,0,1,0,0,0
828,45525,45525,postgres,1,1,0,1,0,0,0
828,45347,45347,postgres,1,2,1,1,0,0,0
828,45522,45522,postgres,1,1,0,1,0,0,0
828,45529,45529,postgres,1,1,0,1,0,0,0
829,45515,45515,postgres,1,1,0,1,0,0,0
829,45513,45513,postgres,1,1,0,1,0,0,0
829,45509,45509,postgres,1,1,0,1,0,0,0
829,45514,45514,postgres,1,1,0,1,0,0,0
829,45510,45510,postgres,1,1,0,1,0,0,0
829,45518,45518,postgres,1,1,0,1,0,0,0
829,45520,45520,postgres,1,1,0,1,0,0,0
829,45507,45507,postgres,1,1,0,1,0,0,0
829,45497,45497,postgres,1,1,0,1,0,0,0
830,45517,45517,postgres,1,1,0,1,0,0,0
830,45515,45515,postgres,1,1,0,1,0,0,0
830,45528,45528,postgres,1,1,0,1,0,0,0
830,45509,45509,postgres,1,2,1,1,0,0,0
830,45514,45514,postgres,1,2,1,1,0,0,0
830,45518,45518,postgres,1,2,1,1,0,0,0
830,45520,45520,postgres,1,2,1,1,0,0,0
830,45505,45505,postgres,1,1,0,1,0,0,0
830,45526,45526,postgres,1,1,0,1,0,0,0
830,45497,45497,postgres,1,2,1,1,0,0,0
830,45512,45512,postgres,1,2,1,1,0,0,0
830,45519,45519,postgres,1,1,0,1,0,0,0
830,45524,45524,postgres,1,1,0,1,0,0,0
830,45347,45347,postgres,1,1,0,1,0,0,0
830,45521,45521,postgres,1,1,0,1,0,0,0
830,45529,45529,postgres,1,2,1,1,0,0,0
832,45530,45530,postgres,1,1,0,1,0,0,0
832,45509,45509,postgres,1,1,0,1,0,0,0
832,45508,45508,postgres,1,1,0,1,0,0,0
832,45514,45514,postgres,1,1,0,1,0,0,0
832,45506,45506,postgres,1,1,0,1,0,0,0
832,45510,45510,postgres,1,1,0,1,0,0,0
832,45518,45518,postgres,1,1,0,1,0,0,0
832,45527,45527,postgres,1,1,0,1,0,0,0
832,45520,45520,postgres,1,1,0,1,0,0,0
832,45532,45532,postgres,1,1,0,1,0,0,0
832,45497,45497,postgres,1,1,0,1,0,0,0
832,45511,45511,postgres,1,1,0,1,0,0,0
832,45525,45525,postgres,1,1,0,1,0,0,0
832,45522,45522,postgres,1,1,0,1,0,0,0
832,45529,45529,postgres,1,1,0,1,0,0,0
833,45517,45517,postgres,1,1,0,1,0,0,0
833,45515,45515,postgres,1,1,0,1,0,0,0
833,45528,45528,postgres,1,1,0,1,0,0,0
833,45509,45509,postgres,1,1,0,1,0,0,0
833,45514,45514,postgres,1,1,0,1,0,0,0
833,45518,45518,postgres,1,1,0,1,0,0,0
833,45520,45520,postgres,1,1,0,1,0,0,0
833,45505,45505,postgres,1,1,0,1,0,0,0
833,45526,45526,postgres,1,1,0,1,0,0,0
833,45497,45497,postgres,1,1,0,1,0,0,0
833,45512,45512,postgres,1,1,0,1,0,0,0
833,45519,45519,postgres,1,1,0,1,0,0,0
833,45524,45524,postgres,1,1,0,1,0,0,0
833,45347,45347,postgres,1,1,0,1,0,0,0
833,45521,45521,postgres,1,1,0,1,0,0,0
833,45529,45529,postgres,1,1,0,1,0,0,0
834,45530,45530,postgres,1,1,0,1,0,0,0
834,45508,45508,postgres,1,1,0,1,0,0,0
834,45514,45514,postgres,1,1,0,1,0,0,0
834,45506,45506,postgres,1,1,0,1,0,0,0
834,45518,45518,postgres,1,1,0,1,0,0,0
834,45527,45527,postgres,1,1,0,1,0,0,0
834,45520,45520,postgres,1,1,0,1,0,0,0
834,45532,45532,postgres,1,1,0,1,0,0,0
834,45526,45526,postgres,1,1,0,1,0,0,0
834,45497,45497,postgres,1,1,0,1,0,0,0
834,45511,45511,postgres,1,1,0,1,0,0,0
834,45525,45525,postgres,1,1,0,1,0,0,0
834,45522,45522,postgres,1,1,0,1,0,0,0
834,45529,45529,postgres,1,1,0,1,0,0,0
835,45516,45516,postgres,1,1,0,1,0,0,0
835,45523,45523,postgres,1,1,0,1,0,0,0
835,45514,45514,postgres,1,1,0,1,0,0,0
835,45518,45518,postgres,1,1,0,1,0,0,0
835,45520,45520,postgres,1,1,0,1,0,0,0
835,45526,45526,postgres,1,1,0,1,0,0,0
835,45503,45503,postgres,1,1,0,1,0,0,0
835,45522,45522,postgres,1,1,0,1,0,0,0
835,45529,45529,postgres,1,1,0,1,0,0,0
836,45523,45523,postgres,1,1,0,1,0,0,0
836,45513,45513,postgres,1,1,0,1,0,0,0
836,45509,45509,postgres,1,1,0,1,0,0,0
836,45514,45514,postgres,1,1,0,1,0,0,0
836,45518,45518,postgres,1,1,0,1,0,0,0
836,45520,45520,postgres,1,1,0,1,0,0,0
836,45507,45507,postgres,1,1,0,1,0,0,0
836,45526,45526,postgres,1,1,0,1,0,0,0
836,45497,45497,postgres,1,1,0,1,0,0,0
836,45525,45525,postgres,1,1,0,1,0,0,0
836,45347,45347,postgres,1,1,0,1,0,0,0
836,45529,45529,postgres,1,1,0,1,0,0,0
837,45530,45530,postgres,1,1,0,1,0,0,0
837,45523,45523,postgres,1,1,0,1,0,0,0
837,45509,45509,postgres,1,1,0,1,0,0,0
837,45508,45508,postgres,1,1,0,1,0,0,0
837,45514,45514,postgres,1,1,0,1,0,0,0
837,45506,45506,postgres,1,1,0,1,0,0,0
837,45518,45518,postgres,1,1,0,1,0,0,0
837,45527,45527,postgres,1,1,0,1,0,0,0
837,45520,45520,postgres,1,1,0,1,0,0,0
837,45532,45532,postgres,1,1,0,1,0,0,0
837,45507,45507,postgres,1,1,0,1,0,0,0
837,45511,45511,postgres,1,1,0,1,0,0,0
837,45347,45347,postgres,1,1,0,1,0,0,0
837,45522,45522,postgres,1,1,0,1,0,0,0
837,45345,45345,postgres,1,1,0,1,0,0,0
837,45529,45529,postgres,1,1,0,1,0,0,0
838,45530,45530,postgres,1,1,0,1,0,0,0
838,45523,45523,postgres,1,2,1,1,0,0,0
838,45517,45517,postgres,1,1,0,1,0,0,0
838,45515,45515,postgres,1,1,0,1,0,0,0
838,45528,45528,postgres,1,1,0,1,0,0,0
838,45509,45509,postgres,1,1,0,1,0,0,0
838,45508,45508,postgres,1,1,0,1,0,0,0
838,45514,45514,postgres,1,2,1,1,0,0,0
838,45506,45506,postgres,1,1,0,1,0,0,0
838,45518,45518,postgres,1,2,1,1,0,0,0
838,45520,45520,postgres,1,2,1,1,0,0,0
838,45532,45532,postgres,1,1,0,1,0,0,0
838,45507,45507,postgres,1,2,1,1,0,0,0
838,45505,45505,postgres,1,1,0,1,0,0,0
838,45526,45526,postgres,1,1,0,1,0,0,0
838,45511,45511,postgres,1,1,0,1,0,0,0
838,45519,45519,postgres,1,1,0,1,0,0,0
838,45347,45347,postgres,1,1,0,1,0,0,0
838,45521,45521,postgres,1,1,0,1,0,0,0
838,45529,45529,postgres,1,2,1,1,0,0,0
839,45523,45523,postgres,1,2,1,1,0,0,0
839,45517,45517,postgres,1,1,0,1,0,0,0
839,45515,45515,postgres,1,1,0,1,0,0,0
839,45528,45528,postgres,1,1,0,1,0,0,0
839,45513,45513,postgres,1,1,0,1,0,0,0
839,45514,45514,postgres,1,2,1,1,0,0,0
839,45518,45518,postgres,1,2,1,1,0,0,0
839,45527,45527,postgres,1,1,0,1,0,0,0
839,45520,45520,postgres,1,2,1,1,0,0,0
839,45507,45507,postgres,1,1,0,1,0,0,0
839,45505,45505,postgres,1,1,0,1,0,0,0
839,45526,45526,postgres,1,1,0,1,0,0,0
839,45497,45497,postgres,1,1,0,1,0,0,0
839,45519,45519,postgres,1,1,0,1,0,0,0
839,45525,45525,postgres,1,1,0,1,0,0,0
839,45524,45524,postgres,1,1,0,1,0,0,0
839,45347,45347,postgres,1,1,0,1,0,0,0
839,45521,45521,postgres,1,2,1,1,0,0,0
839,45529,45529,postgres,1,2,1,1,0,0,0
840,45516,45516,postgres,1,1,0,1,0,0,0
840,45530,45530,postgres,1,1,0,1,0,0,0
840,45523,45523,postgres,1,1,0,1,0,0,0
840,45509,45509,postgres,1,1,0,1,0,0,0
840,45508,45508,postgres,1,2,1,1,0,0,0
840,45514,45514,postgres,1,2,1,1,0,0,0
840,45506,45506,postgres,1,1,0,1,0,0,0
840,45518,45518,postgres,1,2,1,1,0,0,0
840,45520,45520,postgres,1,2,1,1,0,0,0
840,45532,45532,postgres,1,1,0,1,0,0,0
840,45503,45503,postgres,1,1,0,1,0,0,0
840,45497,45497,postgres,1,2,1,1,0,0,0
840,45511,45511,postgres,1,2,1,1,0,0,0
840,45347,45347,postgres,1,1,0,1,0,0,0
840,45529,45529,postgres,1,2,1,1,0,0,0
841,45516,45516,postgres,1,2,1,1,0,0,0
841,45517,45517,postgres,1,2,1,1,0,0,0
841,45515,45515,postgres,1,1,0,1,0,0,0
841,45528,45528,postgres,1,1,0,1,0,0,0
841,45514,45514,postgres,1,2,1,1,0,0,0
841,45518,45518,postgres,1,2,1,1,0,0,0
841,45527,45527,postgres,1,1,0,1,0,0,0
841,45520,45520,postgres,1,2,1,1,0,0,0
841,45507,45507,postgres,1,1,0,1,0,0,0
841,45505,45505,postgres,1,1,0,1,0,0,0
841,45497,45497,postgres,1,2,1,1,0,0,0
841,45511,45511,postgres,1,2,1,1,0,0,0
841,45519,45519,postgres,1,1,0,1,0,0,0
841,45347,45347,postgres,1,1,0,1,0,0,0
841,45522,45522,postgres,1,1,0,1,0,0,0
841,45521,45521,postgres,1,1,0,1,0,0,0
841,45529,45529,postgres,1,1,0,1,0,0,0
842,45516,45516,postgres,1,1,0,1,0,0,0
842,45523,45523,postgres,1,1,0,1,0,0,0
842,45517,45517,postgres,1,3,2,1,0,0,0
842,45509,45509,postgres,1,1,0,1,0,0,0
842,45508,45508,postgres,1,3,2,1,0,0,0
842,45506,45506,postgres,1,1,0,1,0,0,0
842,45527,45527,postgres,1,1,0,1,0,0,0
842,45532,45532,postgres,1,1,0,1,0,0,0
842,45503,45503,postgres,1,2,1,1,0,0,0
842,45347,45347,postgres,1,1,0,1,0,0,0
842,45521,45521,postgres,1,1,0,1,0,0,0
843,45530,45530,postgres,1,1,0,1,0,0,0
843,45515,45515,postgres,1,1,0,1,0,0,0
843,45528,45528,postgres,1,1,0,1,0,0,0
843,45508,45508,postgres,1,2,1,1,0,0,0
843,45514,45514,postgres,1,3,2,1,0,0,0
843,45506,45506,postgres,1,1,0,1,0,0,0
843,45518,45518,postgres,1,3,2,1,0,0,0
843,45520,45520,postgres,1,3,2,1,0,0,0
843,45532,45532,postgres,1,1,0,1,0,0,0
843,45507,45507,postgres,1,3,2,1,0,0,0
843,45505,45505,postgres,1,1,0,1,0,0,0
843,45503,45503,postgres,1,2,1,1,0,0,0
843,45497,45497,postgres,1,3,2,1,0,0,0
843,45511,45511,postgres,1,3,2,1,0,0,0
843,45519,45519,postgres,1,1,0,1,0,0,0
843,45347,45347,postgres,1,1,0,1,0,0,0
843,45522,45522,postgres,1,1,0,1,0,0,0
844,45517,45517,postgres,1,1,0,1,0,0,0
844,45515,45515,postgres,1,1,0,1,0,0,0
844,45528,45528,postgres,1,1,0,1,0,0,0
844,45509,45509,postgres,1,1,0,1,0,0,0
844,45514,45514,postgres,1,2,1,1,0,0,0
844,45506,45506,postgres,1,2,1,1,0,0,0
844,45518,45518,postgres,1,2,1,1,0,0,0
844,45520,45520,postgres,1,2,1,1,0,0,0
844,45532,45532,postgres,1,1,0,1,0,0,0
844,45507,45507,postgres,1,2,1,1,0,0,0
844,45505,45505,postgres,1,1,0,1,0,0,0
844,45503,45503,postgres,1,2,1,1,0,0,0
844,45497,45497,postgres,1,2,1,1,0,0,0
844,45511,45511,postgres,1,2,1,1,0,0,0
844,45519,45519,postgres,1,1,0,1,0,0,0
844,45347,45347,postgres,1,1,0,1,0,0,0
845,45508,45508,postgres,1,1,0,1,0,0,0
845,45514,45514,postgres,1,2,1,1,0,0,0
845,45518,45518,postgres,1,2,1,1,0,0,0
845,45344,45344,postgres,1,1,0,1,0,0,0
845,45520,45520,postgres,1,2,1,1,0,0,0
845,45532,45532,postgres,1,1,0,1,0,0,0
845,45507,45507,postgres,1,2,1,1,0,0,0
845,45503,45503,postgres,1,2,1,1,0,0,0
845,45497,45497,postgres,1,2,1,1,0,0,0
845,45511,45511,postgres,1,2,1,1,0,0,0
845,45519,45519,postgres,1,2,1,1,0,0,0
845,45347,45347,postgres,1,2,1,1,0,0,0
846,45517,45517,postgres,1,1,0,1,0,0,0
846,45514,45514,postgres,1,2,1,1,0,0,0
846,45506,45506,postgres,1,1,0,1,0,0,0
846,45518,45518,postgres,1,2,1,1,0,0,0
846,45527,45527,postgres,1,1,0,1,0,0,0
846,45520,45520,postgres,1,2,1,1,0,0,0
846,45532,45532,postgres,1,2,1,1,0,0,0
846,45507,45507,postgres,1,1,0,1,0,0,0
846,45505,45505,postgres,1,1,0,1,0,0,0
846,45503,45503,postgres,1,2,1,1,0,0,0
846,45497,45497,postgres,1,2,1,1,0,0,0
846,45511,45511,postgres,1,2,1,1,0,0,0
847,45517,45517,postgres,1,2,1,1,0,0,0
847,45515,45515,postgres,1,2,1,1,0,0,0
847,45528,45528,postgres,1,1,0,1,0,0,0
847,45514,45514,postgres,1,2,1,1,0,0,0
847,45518,45518,postgres,1,2,1,1,0,0,0
847,45532,45532,postgres,1,1,0,1,0,0,0
847,45505,45505,postgres,1,1,0,1,0,0,0
847,45497,45497,postgres,1,2,1,1,0,0,0
847,45511,45511,postgres,1,2,1,1,0,0,0
847,45519,45519,postgres,1,1,0,1,0,0,0
847,45347,45347,postgres,1,2,1,1,0,0,0
848,45516,45516,postgres,1,1,0,1,0,0,0
848,45530,45530,postgres,1,1,0,1,0,0,0
848,45523,45523,postgres,1,3,2,1,0,0,0
848,45517,45517,postgres,1,1,0,1,0,0,0
848,45515,45515,postgres,1,3,2,1,0,0,0
848,45508,45508,postgres,1,1,0,1,0,0,0
848,45514,45514,postgres,1,3,2,1,0,0,0
848,45518,45518,postgres,1,3,2,1,0,0,0
848,45527,45527,postgres,1,1,0,1,0,0,0
848,45520,45520,postgres,1,3,2,1,0,0,0
848,45532,45532,postgres,1,1,0,1,0,0,0
848,45507,45507,postgres,1,2,1,1,0,0,0
848,45503,45503,postgres,1,1,0,1,0,0,0
848,45497,45497,postgres,1,3,2,1,0,0,0
848,45511,45511,postgres,1,2,1,1,0,0,0
848,45347,45347,postgres,1,1,0,1,0,0,0
848,45521,45521,postgres,1,1,0,1,0,0,0
849,45517,45517,postgres,1,3,2,1,0,0,0
849,45515,45515,postgres,1,3,2,1,0,0,0
849,45508,45508,postgres,1,3,2,1,0,0,0
849,45514,45514,postgres,1,3,2,1,0,0,0
849,45510,45510,postgres,1,2,1,1,0,0,0
849,45518,45518,postgres,1,2,1,1,0,0,0
849,45527,45527,postgres,1,1,0,1,0,0,0
849,45520,45520,postgres,1,1,0,1,0,0,0
849,45505,45505,postgres,1,1,0,1,0,0,0
849,45497,45497,postgres,1,3,2,1,0,0,0
849,45512,45512,postgres,1,1,0,1,0,0,0
849,45511,45511,postgres,1,1,0,1,0,0,0
849,45347,45347,postgres,1,1,0,1,0,0,0
849,45522,45522,postgres,1,1,0,1,0,0,0
850,45516,45516,postgres,1,1,0,1,0,0,0
850,45530,45530,postgres,1,1,0,1,0,0,0
850,45523,45523,postgres,1,2,1,1,0,0,0
850,45517,45517,postgres,1,2,1,1,0,0,0
850,45515,45515,postgres,1,2,1,1,0,0,0
850,45508,45508,postgres,1,2,1,1,0,0,0
850,45514,45514,postgres,1,2,1,1,0,0,0
850,45510,45510,postgres,1,1,0,1,0,0,0
850,45518,45518,postgres,1,3,2,1,0,0,0
850,45527,45527,postgres,1,2,1,1,0,0,0
850,45532,45532,postgres,1,1,0,1,0,0,0
850,45507,45507,postgres,1,3,2,1,0,0,0
850,45503,45503,postgres,1,1,0,1,0,0,0
850,45512,45512,postgres,1,1,0,1,0,0,0
850,45347,45347,postgres,1,1,0,1,0,0,0
850,45522,45522,postgres,1,1,0,1,0,0,0
850,45521,45521,postgres,1,2,1,1,0,0,0
851,45530,45530,postgres,1,1,0,1,0,0,0
851,45517,45517,postgres,1,2,1,1,0,0,0
851,45515,45515,postgres,1,2,1,1,0,0,0
851,45513,45513,postgres,1,1,0,1,0,0,0
851,45508,45508,postgres,1,2,1,1,0,0,0
851,45514,45514,postgres,1,3,2,1,0,0,0
851,45510,45510,postgres,1,1,0,1,0,0,0
851,45518,45518,postgres,1,2,1,1,0,0,0
851,45527,45527,postgres,1,2,1,1,0,0,0
851,45532,45532,postgres,1,1,0,1,0,0,0
851,45507,45507,postgres,1,1,0,1,0,0,0
851,45526,45526,postgres,1,3,2,1,0,0,0
851,45503,45503,postgres,1,1,0,1,0,0,0
851,45497,45497,postgres,1,1,0,1,0,0,0
851,45525,45525,postgres,1,1,0,1,0,0,0
852,45523,45523,postgres,1,2,1,1,0,0,0
852,45517,45517,postgres,1,3,2,1,0,0,0
852,45515,45515,postgres,1,3,2,1,0,0,0
852,45513,45513,postgres,1,1,0,1,0,0,0
852,45508,45508,postgres,1,3,2,1,0,0,0
852,45514,45514,postgres,1,2,1,1,0,0,0
852,45518,45518,postgres,1,3,2,1,0,0,0
852,45527,45527,postgres,1,3,2,1,0,0,0
852,45526,45526,postgres,1,1,0,1,0,0,0
852,45512,45512,postgres,1,1,0,1,0,0,0
852,45525,45525,postgres,1,1,0,1,0,0,0
852,45522,45522,postgres,1,1,0,1,0,0,0
852,45521,45521,postgres,1,3,2,1,0,0,0
853,45516,45516,postgres,1,1,0,1,0,0,0
853,45530,45530,postgres,1,1,0,1,0,0,0
853,45523,45523,postgres,1,2,1,1,0,0,0
853,45517,45517,postgres,1,2,1,1,0,0,0
853,45515,45515,postgres,1,2,1,1,0,0,0
853,45508,45508,postgres,1,2,1,1,0,0,0
853,45514,45514,postgres,1,2,1,1,0,0,0
853,45510,45510,postgres,1,2,1,1,0,0,0
853,45518,45518,postgres,1,2,1,1,0,0,0
853,45527,45527,postgres,1,2,1,1,0,0,0
853,45532,45532,postgres,1,1,0,1,0,0,0
853,45503,45503,postgres,1,1,0,1,0,0,0
853,45512,45512,postgres,1,1,0,1,0,0,0
853,45521,45521,postgres,1,1,0,1,0,0,0
854,45530,45530,postgres,1,1,0,1,0,0,0
854,45523,45523,postgres,1,2,1,1,0,0,0
854,45517,45517,postgres,1,2,1,1,0,0,0
854,45515,45515,postgres,1,2,1,1,0,0,0
854,45513,45513,postgres,1,2,1,1,0,0,0
854,45508,45508,postgres,1,2,1,1,0,0,0
854,45514,45514,postgres,1,2,1,1,0,0,0
854,45510,45510,postgres,1,1,0,1,0,0,0
854,45518,45518,postgres,1,2,1,1,0,0,0
854,45527,45527,postgres,1,2,1,1,0,0,0
854,45532,45532,postgres,1,1,0,1,0,0,0
854,45503,45503,postgres,1,1,0,1,0,0,0
854,45525,45525,postgres,1,1,0,1,0,0,0
854,45347,45347,postgres,1,1,0,1,0,0,0
854,45521,45521,postgres,1,1,0,1,0,0,0
854,45345,45345,postgres,1,1,0,1,0,0,0
855,45523,45523,postgres,1,2,1,1,0,0,0
855,45517,45517,postgres,1,2,1,1,0,0,0
855,45515,45515,postgres,1,2,1,1,0,0,0
855,45508,45508,postgres,1,2,1,1,0,0,0
855,45514,45514,postgres,1,2,1,1,0,0,0
855,45510,45510,postgres,1,1,0,1,0,0,0
855,45518,45518,postgres,1,2,1,1,0,0,0
855,45527,45527,postgres,1,2,1,1,0,0,0
855,45512,45512,postgres,1,1,0,1,0,0,0
855,45525,45525,postgres,1,1,0,1,0,0,0
856,45530,45530,postgres,1,2,1,1,0,0,0
856,45523,45523,postgres,1,1,0,1,0,0,0
856,45515,45515,postgres,1,2,1,1,0,0,0
856,45513,45513,postgres,1,1,0,1,0,0,0
856,45508,45508,postgres,1,2,1,1,0,0,0
856,45514,45514,postgres,1,2,1,1,0,0,0
856,45518,45518,postgres,1,2,1,1,0,0,0
856,45527,45527,postgres,1,2,1,1,0,0,0
856,45532,45532,postgres,1,2,1,1,0,0,0
856,45503,45503,postgres,1,1,0,1,0,0,0
856,45512,45512,postgres,1,1,0,1,0,0,0
856,45525,45525,postgres,1,2,1,1,0,0,0
856,45347,45347,postgres,1,1,0,1,0,0,0
856,45522,45522,postgres,1,1,0,1,0,0,0
856,45521,45521,postgres,1,1,0,1,0,0,0
857,45516,45516,postgres,1,1,0,1,0,0,0
857,45517,45517,postgres,1,1,0,1,0,0,0
857,45515,45515,postgres,1,2,1,1,0,0,0
857,45508,45508,postgres,1,2,1,1,0,0,0
857,45514,45514,postgres,1,2,1,1,0,0,0
857,45518,45518,postgres,1,2,1,1,0,0,0
857,45527,45527,postgres,1,1,0,1,0,0,0
857,45520,45520,postgres,1,2,1,1,0,0,0
857,45532,45532,postgres,1,2,1,1,0,0,0
857,45511,45511,postgres,1,1,0,1,0,0,0
857,45525,45525,postgres,1,2,1,1,0,0,0
858,45530,45530,postgres,1,2,1,1,0,0,0
858,45517,45517,postgres,1,1,0,1,0,0,0
858,45515,45515,postgres,1,2,1,1,0,0,0
858,45508,45508,postgres,1,2,1,1,0,0,0
858,45514,45514,postgres,1,2,1,1,0,0,0
858,45518,45518,postgres,1,2,1,1,0,0,0
858,45520,45520,postgres,1,1,0,1,0,0,0
858,45532,45532,postgres,1,2,1,1,0,0,0
858,45512,45512,postgres,1,1,0,1,0,0,0
858,45525,45525,postgres,1,2,1,1,0,0,0
858,45522,45522,postgres,1,1,0,1,0,0,0
859,45516,45516,postgres,1,1,0,1,0,0,0
859,45530,45530,postgres,1,1,0,1,0,0,0
859,45517,45517,postgres,1,1,0,1,0,0,0
859,45515,45515,postgres,1,2,1,1,0,0,0
859,45514,45514,postgres,1,2,1,1,0,0,0
859,45518,45518,postgres,1,2,1,1,0,0,0
859,45520,45520,postgres,1,1,0,1,0,0,0
859,45532,45532,postgres,1,2,1,1,0,0,0
859,880,880,postgres,1,1,0,1,0,0,0
859,45512,45512,postgres,1,2,1,1,0,0,0
859,45511,45511,postgres,1,2,1,1,0,0,0
859,45525,45525,postgres,1,2,1,1,0,0,0
859,45347,45347,postgres,1,1,0,1,0,0,0
859,45522,45522,postgres,1,1,0,1,0,0,0
860,45515,45515,postgres,1,2,1,1,0,0,0
860,45508,45508,postgres,1,1,0,1,0,0,0
860,45514,45514,postgres,1,1,0,1,0,0,0
860,45518,45518,postgres,1,2,1,1,0,0,0
860,45527,45527,postgres,1,1,0,1,0,0,0
860,45531,45531,postgres,1,1,0,1,0,0,0
860,45532,45532,postgres,2,3,1,1,0,0,0
860,45507,45507,postgres,1,1,0,1,0,0,0
860,45505,45505,postgres,1,3,2,1,0,0,0
860,45526,45526,postgres,1,1,0,1,0,0,0
860,45497,45497,postgres,1,1,0,1,0,0,0
860,45512,45512,postgres,1,3,2,1,0,0,0
860,45519,45519,postgres,1,1,0,1,0,0,0
860,45525,45525,postgres,1,2,1,1,0,0,0
860,45347,45347,postgres,1,1,0,1,0,0,0
860,45522,45522,postgres,2,3,1,1,0,0,0
860,45529,45529,postgres,1,1,0,1,0,0,0
861,45530,45530,postgres,1,3,2,1,0,0,0
861,45515,45515,postgres,1,3,2,1,0,0,0
861,45508,45508,postgres,1,1,0,1,0,0,0
861,45514,45514,postgres,1,1,0,1,0,0,0
861,45518,45518,postgres,1,3,2,1,0,0,0
861,45527,45527,postgres,1,1,0,1,0,0,0
861,45531,45531,postgres,1,2,1,1,0,0,0
861,45532,45532,postgres,1,2,1,1,0,0,0
861,45507,45507,postgres,1,1,0,1,0,0,0
861,45505,45505,postgres,1,1,0,1,0,0,0
861,45526,45526,postgres,1,1,0,1,0,0,0
861,45497,45497,postgres,1,1,0,1,0,0,0
861,45512,45512,postgres,1,2,1,1,0,0,0
861,45511,45511,postgres,1,1,0,1,0,0,0
861,45533,45533,postgres,1,1,0,1,0,0,0
861,45519,45519,postgres,1,1,0,1,0,0,0
861,45525,45525,postgres,1,3,2,1,0,0,0
861,45347,45347,postgres,1,1,0,1,0,0,0
861,45529,45529,postgres,1,1,0,1,0,0,0
862,45530,45530,postgres,1,2,1,1,0,0,0
862,45517,45517,postgres,1,1,0,1,0,0,0
862,45515,45515,postgres,1,2,1,1,0,0,0
862,45509,45509,postgres,1,1,0,1,0,0,0
862,45504,45504,postgres,1,1,0,1,0,0,0
862,45506,45506,postgres,1,1,0,1,0,0,0
862,45518,45518,postgres,1,1,0,1,0,0,0
862,45344,45344,postgres,1,1,0,1,0,0,0
862,45531,45531,postgres,2,3,1,1,0,0,0
862,45532,45532,postgres,1,2,1,1,0,0,0
862,45507,45507,postgres,2,3,1,1,0,0,0
862,45505,45505,postgres,2,3,1,1,0,0,0
862,45525,45525,postgres,2,3,1,1,0,0,0
862,45524,45524,postgres,1,1,0,1,0,0,0
862,45347,45347,postgres,1,2,1,1,0,0,0
862,45522,45522,postgres,1,1,0,1,0,0,0
863,45516,45516,postgres,1,3,2,1,0,0,0
863,45530,45530,postgres,1,3,2,1,0,0,0
863,45523,45523,postgres,1,2,1,1,0,0,0
863,45515,45515,postgres,1,3,2,1,0,0,0
863,45508,45508,postgres,1,1,0,1,0,0,0
863,45504,45504,postgres,1,3,2,1,0,0,0
863,45514,45514,postgres,1,1,0,1,0,0,0
863,45527,45527,postgres,1,1,0,1,0,0,0
863,45520,45520,postgres,1,1,0,1,0,0,0
863,45532,45532,postgres,1,1,0,1,0,0,0
863,45505,45505,postgres,1,2,1,1,0,0,0
863,45503,45503,postgres,1,1,0,1,0,0,0
863,45497,45497,postgres,1,1,0,1,0,0,0
863,45512,45512,postgres,1,2,1,1,0,0,0
863,45525,45525,postgres,1,2,1,1,0,0,0
863,45521,45521,postgres,1,1,0,1,0,0,0
864,45530,45530,postgres,1,2,1,1,0,0,0
864,45523,45523,postgres,1,2,1,1,0,0,0
864,45515,45515,postgres,1,2,1,1,0,0,0
864,45504,45504,postgres,1,2,1,1,0,0,0
864,45531,45531,postgres,1,1,0,1,0,0,0
864,45520,45520,postgres,1,1,0,1,0,0,0
864,45507,45507,postgres,1,1,0,1,0,0,0
864,45526,45526,postgres,1,1,0,1,0,0,0
864,45497,45497,postgres,1,2,1,1,0,0,0
864,45519,45519,postgres,1,1,0,1,0,0,0
864,45525,45525,postgres,1,2,1,1,0,0,0
864,45347,45347,postgres,1,1,0,1,0,0,0
864,45522,45522,postgres,1,1,0,1,0,0,0
864,45529,45529,postgres,1,2,1,1,0,0,0
865,45516,45516,postgres,1,1,0,1,0,0,0
865,45530,45530,postgres,1,1,0,1,0,0,0
865,45523,45523,postgres,1,1,0,1,0,0,0
865,45517,45517,postgres,1,1,0,1,0,0,0
865,45515,45515,postgres,1,1,0,1,0,0,0
865,45504,45504,postgres,1,1,0,1,0,0,0
865,45518,45518,postgres,1,1,0,1,0,0,0
865,45520,45520,postgres,1,1,0,1,0,0,0
865,45505,45505,postgres,1,1,0,1,0,0,0
865,45525,45525,postgres,1,1,0,1,0,0,0
865,45529,45529,postgres,1,1,0,1,0,0,0
866,45530,45530,postgres,1,2,1,1,0,0,0
866,45523,45523,postgres,1,2,1,1,0,0,0
866,45517,45517,postgres,1,2,1,1,0,0,0
866,45515,45515,postgres,1,2,1,1,0,0,0
866,45508,45508,postgres,1,1,0,1,0,0,0
866,45514,45514,postgres,1,1,0,1,0,0,0
866,45527,45527,postgres,1,2,1,1,0,0,0
866,45520,45520,postgres,1,2,1,1,0,0,0
866,45526,45526,postgres,1,1,0,1,0,0,0
866,45497,45497,postgres,1,1,0,1,0,0,0
866,45512,45512,postgres,1,1,0,1,0,0,0
866,45519,45519,postgres,1,1,0,1,0,0,0
866,45525,45525,postgres,1,2,1,1,0,0,0
866,45522,45522,postgres,1,1,0,1,0,0,0
866,45529,45529,postgres,1,1,0,1,0,0,0
867,45516,45516,postgres,1,1,0,1,0,0,0
867,45530,45530,postgres,1,1,0,1,0,0,0
867,45523,45523,postgres,1,1,0,1,0,0,0
867,45517,45517,postgres,1,1,0,1,0,0,0
867,45515,45515,postgres,1,1,0,1,0,0,0
867,45509,45509,postgres,1,1,0,1,0,0,0
867,45504,45504,postgres,1,1,0,1,0,0,0
867,45506,45506,postgres,1,1,0,1,0,0,0
867,45527,45527,postgres,1,1,0,1,0,0,0
867,45531,45531,postgres,1,1,0,1,0,0,0
867,45532,45532,postgres,1,1,0,1,0,0,0
867,45507,45507,postgres,1,1,0,1,0,0,0
867,45525,45525,postgres,1,1,0,1,0,0,0
867,45524,45524,postgres,1,1,0,1,0,0,0
867,45347,45347,postgres,1,1,0,1,0,0,0
867,45522,45522,postgres,1,1,0,1,0,0,0
868,45530,45530,postgres,1,2,1,1,0,0,0
868,45523,45523,postgres,1,2,1,1,0,0,0
868,45517,45517,postgres,1,2,1,1,0,0,0
868,45515,45515,postgres,1,2,1,1,0,0,0
868,45508,45508,postgres,1,1,0,1,0,0,0
868,45514,45514,postgres,1,1,0,1,0,0,0
868,45520,45520,postgres,1,1,0,1,0,0,0
868,45512,45512,postgres,1,1,0,1,0,0,0
868,45525,45525,postgres,1,2,1,1,0,0,0
868,45522,45522,postgres,1,2,1,1,0,0,0
869,45516,45516,postgres,1,1,0,1,0,0,0
869,45530,45530,postgres,1,2,1,1,0,0,0
869,45523,45523,postgres,1,2,1,1,0,0,0
869,45515,45515,postgres,1,2,1,1,0,0,0
869,45509,45509,postgres,1,1,0,1,0,0,0
869,45504,45504,postgres,1,1,0,1,0,0,0
869,45506,45506,postgres,1,2,1,1,0,0,0
869,45527,45527,postgres,1,1,0,1,0,0,0
869,45531,45531,postgres,1,1,0,1,0,0,0
869,45520,45520,postgres,1,1,0,1,0,0,0
869,45532,45532,postgres,1,1,0,1,0,0,0
869,45507,45507,postgres,1,1,0,1,0,0,0
869,45526,45526,postgres,1,1,0,1,0,0,0
869,45512,45512,postgres,1,2,1,1,0,0,0
869,45519,45519,postgres,1,1,0,1,0,0,0
869,45525,45525,postgres,2,2,0,1,0,0,0
869,45524,45524,postgres,1,1,0,1,0,0,0
869,45347,45347,postgres,1,1,0,1,0,0,0
870,45530,45530,postgres,1,1,0,1,0,0,0
870,45523,45523,postgres,1,1,0,1,0,0,0
870,45517,45517,postgres,1,1,0,1,0,0,0
870,45515,45515,postgres,1,1,0,1,0,0,0
870,45518,45518,postgres,1,1,0,1,0,0,0
870,45531,45531,postgres,1,1,0,1,0,0,0
870,45526,45526,postgres,1,1,0,1,0,0,0
870,45512,45512,postgres,1,1,0,1,0,0,0
870,45525,45525,postgres,1,1,0,1,0,0,0
870,45522,45522,postgres,1,1,0,1,0,0,0
870,45345,45345,postgres,1,1,0,1,0,0,0
871,45516,45516,postgres,1,3,2,1,0,0,0
871,45530,45530,postgres,1,3,2,1,0,0,0
871,45523,45523,postgres,1,3,2,1,0,0,0
871,45517,45517,postgres,1,3,2,1,0,0,0
871,45508,45508,postgres,1,1,0,1,0,0,0
871,45504,45504,postgres,1,1,0,1,0,0,0
871,45514,45514,postgres,1,2,1,1,0,0,0
871,45506,45506,postgres,1,1,0,1,0,0,0
871,45518,45518,postgres,1,3,2,1,0,0,0
871,45520,45520,postgres,1,1,0,1,0,0,0
871,45532,45532,postgres,1,1,0,1,0,0,0
871,45507,45507,postgres,1,1,0,1,0,0,0
871,45526,45526,postgres,1,2,1,1,0,0,0
871,45512,45512,postgres,1,1,0,1,0,0,0
871,45519,45519,postgres,1,1,0,1,0,0,0
871,45525,45525,postgres,1,3,2,1,0,0,0
871,45524,45524,postgres,1,1,0,1,0,0,0
871,45347,45347,postgres,1,1,0,1,0,0,0
871,45522,45522,postgres,1,1,0,1,0,0,0
872,45516,45516,postgres,1,2,1,1,0,0,0
872,45530,45530,postgres,1,1,0,1,0,0,0
872,45523,45523,postgres,1,2,1,1,0,0,0
872,45517,45517,postgres,1,2,1,1,0,0,0
872,45515,45515,postgres,1,1,0,1,0,0,0
872,45528,45528,postgres,1,2,1,1,0,0,0
872,45513,45513,postgres,1,1,0,1,0,0,0
872,45509,45509,postgres,1,1,0,1,0,0,0
872,45514,45514,postgres,1,2,1,1,0,0,0
872,45518,45518,postgres,1,2,1,1,0,0,0
872,45511,45511,postgres,1,1,0,1,0,0,0
872,45533,45533,postgres,1,1,0,1,0,0,0
872,45525,45525,postgres,1,2,1,1,0,0,0
872,45347,45347,postgres,1,1,0,1,0,0,0
873,45516,45516,postgres,1,3,2,1,0,0,0
873,45523,45523,postgres,1,2,1,1,0,0,0
873,45517,45517,postgres,2,3,1,1,0,0,0
873,45528,45528,postgres,1,3,2,1,0,0,0
873,45514,45514,postgres,2,3,1,1,0,0,0
873,45518,45518,postgres,1,2,1,1,0,0,0
873,45526,45526,postgres,1,2,1,1,0,0,0
873,45533,45533,postgres,1,1,0,1,0,0,0
873,45519,45519,postgres,1,1,0,1,0,0,0
873,45525,45525,postgres,2,3,1,1,0,0,0
874,45516,45516,postgres,1,2,1,1,0,0,0
874,45523,45523,postgres,1,3,2,1,0,0,0
874,45517,45517,postgres,1,2,1,1,0,0,0
874,45509,45509,postgres,1,1,0,1,0,0,0
874,45514,45514,postgres,1,2,1,1,0,0,0
874,45518,45518,postgres,1,3,2,1,0,0,0
874,45520,45520,postgres,1,3,2,1,0,0,0
874,45526,45526,postgres,1,1,0,1,0,0,0
874,45525,45525,postgres,1,2,1,1,0,0,0
875,45516,45516,postgres,1,2,1,1,0,0,0
875,45523,45523,postgres,1,2,1,1,0,0,0
875,45517,45517,postgres,1,2,1,1,0,0,0
875,45528,45528,postgres,1,1,0,1,0,0,0
875,45513,45513,postgres,1,1,0,1,0,0,0
875,45509,45509,postgres,1,1,0,1,0,0,0
875,45514,45514,postgres,1,2,1,1,0,0,0
875,45518,45518,postgres,1,2,1,1,0,0,0
875,45520,45520,postgres,1,1,0,1,0,0,0
875,45525,45525,postgres,1,2,1,1,0,0,0
875,45347,45347,postgres,1,1,0,1,0,0,0
875,45529,45529,postgres,1,1,0,1,0,0,0
876,45516,45516,postgres,1,1,0,1,0,0,0
876,45523,45523,postgres,1,2,1,1,0,0,0
876,45517,45517,postgres,1,2,1,1,0,0,0
876,45528,45528,postgres,1,1,0,1,0,0,0
876,45513,45513,postgres,1,2,1,1,0,0,0
876,45504,45504,postgres,1,1,0,1,0,0,0
876,45514,45514,postgres,1,2,1,1,0,0,0
876,45506,45506,postgres,1,1,0,1,0,0,0
876,45518,45518,postgres,1,2,1,1,0,0,0
876,45531,45531,postgres,1,1,0,1,0,0,0
876,45532,45532,postgres,1,1,0,1,0,0,0
876,45507,45507,postgres,1,1,0,1,0,0,0
876,45511,45511,postgres,1,1,0,1,0,0,0
876,45525,45525,postgres,1,2,1,1,0,0,0
876,45524,45524,postgres,1,1,0,1,0,0,0
876,45347,45347,postgres,1,1,0,1,0,0,0
877,45516,45516,postgres,1,3,2,1,0,0,0
877,45523,45523,postgres,1,2,1,1,0,0,0
877,45517,45517,postgres,1,3,2,1,0,0,0
877,45515,45515,postgres,1,1,0,1,0,0,0
877,45528,45528,postgres,1,2,1,1,0,0,0
877,45513,45513,postgres,1,1,0,1,0,0,0
877,45509,45509,postgres,1,1,0,1,0,0,0
877,45514,45514,postgres,1,3,2,1,0,0,0
877,45518,45518,postgres,1,3,2,1,0,0,0
877,45527,45527,postgres,1,1,0,1,0,0,0
877,45520,45520,postgres,1,1,0,1,0,0,0
877,45505,45505,postgres,1,1,0,1,0,0,0
877,45503,45503,postgres,1,1,0,1,0,0,0
877,45525,45525,postgres,1,3,2,1,0,0,0
877,45347,45347,postgres,1,1,0,1,0,0,0
877,45521,45521,postgres,1,1,0,1,0,0,0
878,45516,45516,postgres,1,3,2,1,0,0,0
878,45523,45523,postgres,1,1,0,1,0,0,0
878,45517,45517,postgres,1,2,1,1,0,0,0
878,45515,45515,postgres,1,1,0,1,0,0,0
878,45528,45528,postgres,1,1,0,1,0,0,0
878,45513,45513,postgres,1,1,0,1,0,0,0
878,45504,45504,postgres,1,1,0,1,0,0,0
878,45514,45514,postgres,1,2,1,1,0,0,0
878,45506,45506,postgres,1,1,0,1,0,0,0
878,45518,45518,postgres,1,2,1,1,0,0,0
878,45344,45344,postgres,1,1,0,1,0,0,0
878,45531,45531,postgres,1,1,0,1,0,0,0
878,45520,45520,postgres,1,1,0,1,0,0,0
878,45507,45507,postgres,1,1,0,1,0,0,0
878,45505,45505,postgres,1,1,0,1,0,0,0
878,45525,45525,postgres,1,2,1,1,0,0,0
878,45524,45524,postgres,1,1,0,1,0,0,0
878,45347,45347,postgres,1,1,0,1,0,0,0
879,45523,45523,postgres,1,1,0,1,0,0,0
879,45517,45517,postgres,1,2,1,1,0,0,0
879,45528,45528,postgres,1,2,1,1,0,0,0
879,45513,45513,postgres,1,1,0,1,0,0,0
879,45504,45504,postgres,1,1,0,1,0,0,0
879,45514,45514,postgres,1,2,1,1,0,0,0
879,45506,45506,postgres,1,1,0,1,0,0,0
879,45518,45518,postgres,1,2,1,1,0,0,0
879,45527,45527,postgres,1,2,1,1,0,0,0
879,45532,45532,postgres,1,1,0,1,0,0,0
879,45507,45507,postgres,1,1,0,1,0,0,0
879,45503,45503,postgres,1,1,0,1,0,0,0
879,45525,45525,postgres,1,2,1,1,0,0,0
879,45524,45524,postgres,1,1,0,1,0,0,0
879,45521,45521,postgres,1,1,0,1,0,0,0
880,45516,45516,postgres,1,1,0,1,0,0,0
880,45523,45523,postgres,1,1,0,1,0,0,0
880,45528,45528,postgres,2,2,0,1,0,0,0
880,45504,45504,postgres,1,1,0,1,0,0,0
880,45514,45514,postgres,2,2,0,1,0,0,0
880,45506,45506,postgres,1,1,0,1,0,0,0
880,45518,45518,postgres,1,2,1,1,0,0,0
880,45527,45527,postgres,2,2,0,1,0,0,0
880,45507,45507,postgres,1,1,0,1,0,0,0
881,45523,45523,postgres,1,1,0,1,0,0,0
881,45517,45517,postgres,1,1,0,1,0,0,0
881,45528,45528,postgres,1,2,1,1,0,0,0
881,45513,45513,postgres,1,1,0,1,0,0,0
881,45504,45504,postgres,1,1,0,1,0,0,0
881,45514,45514,postgres,1,2,1,1,0,0,0
881,45506,45506,postgres,1,1,0,1,0,0,0
881,45527,45527,postgres,1,2,1,1,0,0,0
881,45507,45507,postgres,1,1,0,1,0,0,0
881,45526,45526,postgres,1,2,1,1,0,0,0
881,45525,45525,postgres,1,3,2,1,0,0,0
881,45524,45524,postgres,1,2,1,1,0,0,0
881,45347,45347,postgres,1,1,0,1,0,0,0
882,45516,45516,postgres,1,1,0,1,0,0,0
882,45528,45528,postgres,1,2,1,1,0,0,0
882,45513,45513,postgres,1,1,0,1,0,0,0
882,45509,45509,postgres,1,1,0,1,0,0,0
882,45514,45514,postgres,1,2,1,1,0,0,0
882,45518,45518,postgres,1,2,1,1,0,0,0
882,45527,45527,postgres,1,2,1,1,0,0,0
882,45532,45532,postgres,1,1,0,1,0,0,0
882,45507,45507,postgres,1,2,1,1,0,0,0
882,45526,45526,postgres,1,1,0,1,0,0,0
882,45512,45512,postgres,1,2,1,1,0,0,0
882,45525,45525,postgres,1,2,1,1,0,0,0
883,45516,45516,postgres,1,1,0,1,0,0,0
883,45523,45523,postgres,1,1,0,1,0,0,0
883,45528,45528,postgres,2,3,1,1,0,0,0
883,45513,45513,postgres,1,1,0,1,0,0,0
883,45509,45509,postgres,1,1,0,1,0,0,0
883,45504,45504,postgres,1,1,0,1,0,0,0
883,45514,45514,postgres,2,3,1,1,0,0,0
883,45518,45518,postgres,2,3,1,1,0,0,0
883,45527,45527,postgres,2,3,1,1,0,0,0
883,45532,45532,postgres,1,1,0,1,0,0,0
883,45507,45507,postgres,2,2,0,1,0,0,0
883,45526,45526,postgres,2,2,0,1,0,0,0
883,45525,45525,postgres,1,3,2,1,0,0,0
883,45524,45524,postgres,1,1,0,1,0,0,0
883,45347,45347,postgres,1,1,0,1,0,0,0
884,45523,45523,postgres,1,1,0,1,0,0,0
884,45528,45528,postgres,1,1,0,1,0,0,0
884,45514,45514,postgres,1,1,0,1,0,0,0
884,45506,45506,postgres,1,1,0,1,0,0,0
884,45518,45518,postgres,1,1,0,1,0,0,0
884,45527,45527,postgres,1,1,0,1,0,0,0
884,45532,45532,postgres,1,1,0,1,0,0,0
884,45507,45507,postgres,1,1,0,1,0,0,0
884,45526,45526,postgres,1,1,0,1,0,0,0
884,45512,45512,postgres,1,1,0,1,0,0,0
884,45524,45524,postgres,1,1,0,1,0,0,0
885,45530,45530,postgres,1,1,0,1,0,0,0
885,45517,45517,postgres,1,1,0,1,0,0,0
885,45528,45528,postgres,1,2,1,1,0,0,0
885,45514,45514,postgres,1,2,1,1,0,0,0
885,45510,45510,postgres,1,2,1,1,0,0,0
885,45518,45518,postgres,1,2,1,1,0,0,0
885,45527,45527,postgres,1,2,1,1,0,0,0
885,45531,45531,postgres,1,1,0,1,0,0,0
885,45507,45507,postgres,1,1,0,1,0,0,0
885,45526,45526,postgres,1,2,1,1,0,0,0
885,45497,45497,postgres,1,1,0,1,0,0,0
885,45533,45533,postgres,1,1,0,1,0,0,0
885,45525,45525,postgres,1,2,1,1,0,0,0
885,45524,45524,postgres,1,2,1,1,0,0,0
885,45529,45529,postgres,1,1,0,1,0,0,0
886,45516,45516,postgres,1,1,0,1,0,0,0
886,45528,45528,postgres,1,1,0,1,0,0,0
886,45513,45513,postgres,1,1,0,1,0,0,0
886,45509,45509,postgres,1,1,0,1,0,0,0
886,45514,45514,postgres,1,1,0,1,0,0,0
886,45506,45506,postgres,1,1,0,1,0,0,0
886,45510,45510,postgres,1,1,0,1,0,0,0
886,45518,45518,postgres,1,1,0,1,0,0,0
886,45527,45527,postgres,1,1,0,1,0,0,0
886,45532,45532,postgres,1,1,0,1,0,0,0
886,45525,45525,postgres,1,1,0,1,0,0,0
886,45524,45524,postgres,1,1,0,1,0,0,0
886,45345,45345,postgres,1,1,0,1,0,0,0
887,45516,45516,postgres,1,2,1,1,0,0,0
887,45530,45530,postgres,1,1,0,1,0,0,0
887,45517,45517,postgres,1,1,0,1,0,0,0
887,45528,45528,postgres,1,2,1,1,0,0,0
887,45514,45514,postgres,1,2,1,1,0,0,0
887,45527,45527,postgres,1,2,1,1,0,0,0
887,45531,45531,postgres,1,1,0,1,0,0,0
887,45532,45532,postgres,1,1,0,1,0,0,0
887,45526,45526,postgres,1,1,0,1,0,0,0
887,45497,45497,postgres,1,1,0,1,0,0,0
887,45512,45512,postgres,1,2,1,1,0,0,0
887,45533,45533,postgres,1,1,0,1,0,0,0
887,45525,45525,postgres,1,2,1,1,0,0,0
887,45524,45524,postgres,1,2,1,1,0,0,0
887,45529,45529,postgres,1,1,0,1,0,0,0
888,45516,45516,postgres,1,2,1,1,0,0,0
888,45528,45528,postgres,1,2,1,1,0,0,0
888,45508,45508,postgres,1,1,0,1,0,0,0
888,45514,45514,postgres,1,1,0,1,0,0,0
888,45510,45510,postgres,1,1,0,1,0,0,0
888,45518,45518,postgres,1,2,1,1,0,0,0
888,45527,45527,postgres,1,2,1,1,0,0,0
888,45531,45531,postgres,1,2,1,1,0,0,0
888,45512,45512,postgres,1,2,1,1,0,0,0
888,45511,45511,postgres,1,1,0,1,0,0,0
888,45519,45519,postgres,1,1,0,1,0,0,0
888,45525,45525,postgres,1,2,1,1,0,0,0
888,45524,45524,postgres,1,2,1,1,0,0,0
888,45522,45522,postgres,1,1,0,1,0,0,0
889,45516,45516,postgres,1,2,1,1,0,0,0
889,45514,45514,postgres,2,2,0,1,0,0,0
889,45527,45527,postgres,1,1,0,1,0,0,0
889,45507,45507,postgres,1,1,0,1,0,0,0
889,45512,45512,postgres,2,2,0,1,0,0,0
889,45525,45525,postgres,1,2,1,1,0,0,0
889,45524,45524,postgres,1,2,1,1,0,0,0
890,45530,45530,postgres,1,2,1,1,0,0,0
890,45517,45517,postgres,1,1,0,1,0,0,0
890,45528,45528,postgres,2,3,1,1,0,0,0
890,45506,45506,postgres,1,1,0,1,0,0,0
890,45518,45518,postgres,1,1,0,1,0,0,0
890,45531,45531,postgres,1,1,0,1,0,0,0
890,45532,45532,postgres,1,1,0,1,0,0,0
890,45497,45497,postgres,1,1,0,1,0,0,0
890,45512,45512,postgres,2,2,0,1,0,0,0
890,45533,45533,postgres,1,1,0,1,0,0,0
890,45525,45525,postgres,1,2,1,1,0,0,0
890,45524,45524,postgres,1,2,1,1,0,0,0
890,45529,45529,postgres,1,1,0,1,0,0,0
891,45516,45516,postgres,1,1,0,1,0,0,0
891,45530,45530,postgres,1,1,0,1,0,0,0
891,45517,45517,postgres,1,1,0,1,0,0,0
891,45515,45515,postgres,1,2,1,1,0,0,0
891,45528,45528,postgres,1,2,1,1,0,0,0
891,45513,45513,postgres,1,1,0,1,0,0,0
891,45509,45509,postgres,1,3,2,1,0,0,0
891,45514,45514,postgres,1,3,2,1,0,0,0
891,45510,45510,postgres,1,1,0,1,0,0,0
891,45527,45527,postgres,1,1,0,1,0,0,0
891,45531,45531,postgres,1,1,0,1,0,0,0
891,45520,45520,postgres,1,1,0,1,0,0,0
891,45532,45532,postgres,1,1,0,1,0,0,0
891,45505,45505,postgres,1,1,0,1,0,0,0
891,45503,45503,postgres,1,1,0,1,0,0,0
891,45497,45497,postgres,1,1,0,1,0,0,0
891,45512,45512,postgres,1,2,1,1,0,0,0
891,45533,45533,postgres,1,1,0,1,0,0,0
891,45525,45525,postgres,1,2,1,1,0,0,0
891,45524,45524,postgres,1,2,1,1,0,0,0
891,45347,45347,postgres,1,1,0,1,0,0,0
891,45529,45529,postgres,1,1,0,1,0,0,0
892,45517,45517,postgres,1,1,0,1,0,0,0
892,45515,45515,postgres,1,2,1,1,0,0,0
892,45528,45528,postgres,1,2,1,1,0,0,0
892,45509,45509,postgres,1,2,1,1,0,0,0
892,45508,45508,postgres,1,2,1,1,0,0,0
892,45514,45514,postgres,1,2,1,1,0,0,0
892,45532,45532,postgres,1,1,0,1,0,0,0
892,45512,45512,postgres,1,2,1,1,0,0,0
892,45511,45511,postgres,1,1,0,1,0,0,0
892,45533,45533,postgres,1,1,0,1,0,0,0
892,45519,45519,postgres,1,1,0,1,0,0,0
892,45524,45524,postgres,1,2,1,1,0,0,0
892,45347,45347,postgres,1,2,1,1,0,0,0
892,45522,45522,postgres,1,1,0,1,0,0,0
892,45529,45529,postgres,1,1,0,1,0,0,0
893,45515,45515,postgres,1,1,0,1,0,0,0
893,45528,45528,postgres,1,1,0,1,0,0,0
893,45509,45509,postgres,1,1,0,1,0,0,0
893,45497,45497,postgres,1,1,0,1,0,0,0
893,45524,45524,postgres,1,1,0,1,0,0,0
893,45529,45529,postgres,1,1,0,1,0,0,0
894,45514,45514,postgres,1,1,0,1,0,0,0
894,45344,45344,postgres,1,1,0,1,0,0,0
894,45507,45507,postgres,1,1,0,1,0,0,0
894,45519,45519,postgres,1,1,0,1,0,0,0
894,45525,45525,postgres,1,1,0,1,0,0,0
894,45347,45347,postgres,1,1,0,1,0,0,0
895,45517,45517,postgres,1,1,0,1,0,0,0
895,45515,45515,postgres,1,2,1,1,0,0,0
895,45528,45528,postgres,1,2,1,1,0,0,0
895,45509,45509,postgres,1,2,1,1,0,0,0
895,45508,45508,postgres,1,1,0,1,0,0,0
895,45514,45514,postgres,1,2,1,1,0,0,0
895,45532,45532,postgres,1,1,0,1,0,0,0
895,45507,45507,postgres,1,2,1,1,0,0,0
895,45512,45512,postgres,1,2,1,1,0,0,0
895,45511,45511,postgres,1,2,1,1,0,0,0
895,45533,45533,postgres,1,1,0,1,0,0,0
895,45347,45347,postgres,1,1,0,1,0,0,0
895,45529,45529,postgres,1,1,0,1,0,0,0
896,45523,45523,postgres,1,1,0,1,0,0,0
896,45515,45515,postgres,1,1,0,1,0,0,0
896,45528,45528,postgres,1,1,0,1,0,0,0
896,45509,45509,postgres,1,1,0,1,0,0,0
896,45514,45514,postgres,1,1,0,1,0,0,0
896,45512,45512,postgres,1,1,0,1,0,0,0
896,45511,45511,postgres,1,1,0,1,0,0,0
896,45533,45533,postgres,1,1,0,1,0,0,0
896,45524,45524,postgres,1,1,0,1,0,0,0
896,45347,45347,postgres,1,1,0,1,0,0,0
897,45523,45523,postgres,1,2,1,1,0,0,0
897,45517,45517,postgres,1,1,0,1,0,0,0
897,45515,45515,postgres,1,2,1,1,0,0,0
897,45528,45528,postgres,1,2,1,1,0,0,0
897,45509,45509,postgres,1,2,1,1,0,0,0
897,45514,45514,postgres,1,2,1,1,0,0,0
897,45532,45532,postgres,1,1,0,1,0,0,0
897,45507,45507,postgres,1,1,0,1,0,0,0
897,45511,45511,postgres,1,2,1,1,0,0,0
897,45533,45533,postgres,1,1,0,1,0,0,0
897,45529,45529,postgres,1,2,1,1,0,0,0
898,45516,45516,postgres,1,1,0,1,0,0,0
898,45523,45523,postgres,1,3,2,1,0,0,0
898,45528,45528,postgres,1,3,2,1,0,0,0
898,45513,45513,postgres,1,1,0,1,0,0,0
898,45509,45509,postgres,1,2,1,1,0,0,0
898,45514,45514,postgres,1,3,2,1,0,0,0
898,45506,45506,postgres,1,1,0,1,0,0,0
898,45510,45510,postgres,1,1,0,1,0,0,0
898,45518,45518,postgres,1,1,0,1,0,0,0
898,45531,45531,postgres,1,1,0,1,0,0,0
898,45532,45532,postgres,1,3,2,1,0,0,0
898,45526,45526,postgres,1,3,2,1,0,0,0
898,45512,45512,postgres,1,2,1,1,0,0,0
898,45511,45511,postgres,1,2,1,1,0,0,0
898,45519,45519,postgres,1,1,0,1,0,0,0
898,45524,45524,postgres,1,2,1,1,0,0,0
898,45529,45529,postgres,1,3,2,1,0,0,0
899,45530,45530,postgres,1,1,0,1,0,0,0
899,45523,45523,postgres,1,2,1,1,0,0,0
899,45517,45517,postgres,1,1,0,1,0,0,0
899,45515,45515,postgres,1,1,0,1,0,0,0
899,45528,45528,postgres,1,2,1,1,0,0,0
899,45514,45514,postgres,1,2,1,1,0,0,0
899,45527,45527,postgres,1,1,0,1,0,0,0
899,45520,45520,postgres,1,1,0,1,0,0,0
899,45532,45532,postgres,1,1,0,1,0,0,0
899,45505,45505,postgres,1,1,0,1,0,0,0
899,45503,45503,postgres,1,2,1,1,0,0,0
899,45519,45519,postgres,1,2,1,1,0,0,0
899,45524,45524,postgres,1,2,1,1,0,0,0
899,45347,45347,postgres,1,1,0,1,0,0,0
899,45529,45529,postgres,1,2,1,1,0,0,0
900,45516,45516,postgres,1,3,2,1,0,0,0
900,45523,45523,postgres,1,3,2,1,0,0,0
900,45517,45517,postgres,1,3,2,1,0,0,0
900,45528,45528,postgres,1,3,2,1,0,0,0
900,45509,45509,postgres,1,1,0,1,0,0,0
900,45514,45514,postgres,1,3,2,1,0,0,0
900,45518,45518,postgres,1,1,0,1,0,0,0
900,45526,45526,postgres,1,2,1,1,0,0,0
900,45533,45533,postgres,1,2,1,1,0,0,0
900,45519,45519,postgres,1,2,1,1,0,0,0
900,45524,45524,postgres,1,3,2,1,0,0,0
900,45347,45347,postgres,1,1,0,1,0,0,0
900,45529,45529,postgres,1,2,1,1,0,0,0
901,45516,45516,postgres,1,3,2,1,0,0,0
901,45523,45523,postgres,1,1,0,1,0,0,0
901,45517,45517,postgres,1,3,2,1,0,0,0
901,45528,45528,postgres,1,3,2,1,0,0,0
901,45509,45509,postgres,1,3,2,1,0,0,0
901,45514,45514,postgres,1,3,2,1,0,0,0
901,45527,45527,postgres,1,1,0,1,0,0,0
901,45520,45520,postgres,1,1,0,1,0,0,0
901,45507,45507,postgres,1,2,1,1,0,0,0
901,45505,45505,postgres,1,1,0,1,0,0,0
901,45526,45526,postgres,1,1,0,1,0,0,0
901,45503,45503,postgres,1,1,0,1,0,0,0
901,45533,45533,postgres,1,2,1,1,0,0,0
901,45524,45524,postgres,1,3,2,1,0,0,0
901,45347,45347,postgres,1,2,1,1,0,0,0
901,45529,45529,postgres,1,3,2,1,0,0,0
902,45516,45516,postgres,1,2,1,1,0,0,0
902,45530,45530,postgres,1,1,0,1,0,0,0
902,45523,45523,postgres,1,1,0,1,0,0,0
902,45517,45517,postgres,1,2,1,1,0,0,0
902,45528,45528,postgres,1,2,1,1,0,0,0
902,45509,45509,postgres,1,2,1,1,0,0,0
902,45514,45514,postgres,1,2,1,1,0,0,0
902,45527,45527,postgres,1,1,0,1,0,0,0
902,45520,45520,postgres,1,1,0,1,0,0,0
902,45507,45507,postgres,1,1,0,1,0,0,0
902,45505,45505,postgres,1,2,1,1,0,0,0
902,45524,45524,postgres,1,2,1,1,0,0,0
902,45347,45347,postgres,1,1,0,1,0,0,0
902,45529,45529,postgres,1,2,1,1,0,0,0
903,45516,45516,postgres,1,3,2,1,0,0,0
903,45523,45523,postgres,1,3,2,1,0,0,0
903,45517,45517,postgres,1,3,2,1,0,0,0
903,45528,45528,postgres,1,3,2,1,0,0,0
903,45509,45509,postgres,1,2,1,1,0,0,0
903,45514,45514,postgres,1,3,2,1,0,0,0
903,45527,45527,postgres,1,1,0,1,0,0,0
903,45520,45520,postgres,1,2,1,1,0,0,0
903,45505,45505,postgres,1,1,0,1,0,0,0
903,45526,45526,postgres,1,1,0,1,0,0,0
903,45533,45533,postgres,1,1,0,1,0,0,0
903,45347,45347,postgres,1,1,0,1,0,0,0
903,45345,45345,postgres,1,1,0,1,0,0,0
903,45529,45529,postgres,1,3,2,1,0,0,0
905,45516,45516,postgres,1,1,0,1,0,0,0
905,45530,45530,postgres,1,1,0,1,0,0,0
905,45523,45523,postgres,1,1,0,1,0,0,0
905,45517,45517,postgres,1,1,0,1,0,0,0
905,45528,45528,postgres,1,1,0,1,0,0,0
905,45513,45513,postgres,1,1,0,1,0,0,0
905,45514,45514,postgres,1,1,0,1,0,0,0
905,45506,45506,postgres,1,1,0,1,0,0,0
905,45510,45510,postgres,1,1,0,1,0,0,0
905,45531,45531,postgres,1,1,0,1,0,0,0
905,45512,45512,postgres,1,1,0,1,0,0,0
905,45533,45533,postgres,1,1,0,1,0,0,0
905,45529,45529,postgres,1,1,0,1,0,0,0
906,45516,45516,postgres,1,1,0,1,0,0,0
906,45523,45523,postgres,1,1,0,1,0,0,0
906,45517,45517,postgres,1,1,0,1,0,0,0
906,45528,45528,postgres,1,1,0,1,0,0,0
906,45514,45514,postgres,1,1,0,1,0,0,0
906,45506,45506,postgres,1,1,0,1,0,0,0
906,45527,45527,postgres,1,1,0,1,0,0,0
906,45520,45520,postgres,1,1,0,1,0,0,0
906,45524,45524,postgres,1,1,0,1,0,0,0
906,45347,45347,postgres,1,1,0,1,0,0,0
906,45529,45529,postgres,1,1,0,1,0,0,0
907,45516,45516,postgres,1,1,0,1,0,0,0
907,45523,45523,postgres,1,1,0,1,0,0,0
907,45517,45517,postgres,1,1,0,1,0,0,0
907,45528,45528,postgres,1,1,0,1,0,0,0
907,45514,45514,postgres,1,1,0,1,0,0,0
907,45527,45527,postgres,1,1,0,1,0,0,0
907,45533,45533,postgres,1,1,0,1,0,0,0
907,45347,45347,postgres,1,1,0,1,0,0,0
907,45529,45529,postgres,1,1,0,1,0,0,0
908,45516,45516,postgres,1,2,1,1,0,0,0
908,45530,45530,postgres,1,1,0,1,0,0,0
908,45523,45523,postgres,1,2,1,1,0,0,0
908,45517,45517,postgres,1,2,1,1,0,0,0
908,45528,45528,postgres,1,2,1,1,0,0,0
908,45513,45513,postgres,1,1,0,1,0,0,0
908,45508,45508,postgres,1,1,0,1,0,0,0
908,45506,45506,postgres,1,2,1,1,0,0,0
908,45510,45510,postgres,1,2,1,1,0,0,0
908,45527,45527,postgres,1,2,1,1,0,0,0
908,45531,45531,postgres,1,1,0,1,0,0,0
908,45497,45497,postgres,1,1,0,1,0,0,0
908,45512,45512,postgres,1,1,0,1,0,0,0
908,45347,45347,postgres,1,2,1,1,0,0,0
908,45522,45522,postgres,1,1,0,1,0,0,0
909,45516,45516,postgres,1,2,1,1,0,0,0
909,45523,45523,postgres,1,1,0,1,0,0,0
909,45517,45517,postgres,1,2,1,1,0,0,0
909,45528,45528,postgres,1,2,1,1,0,0,0
909,45514,45514,postgres,1,1,0,1,0,0,0
909,45510,45510,postgres,1,2,1,1,0,0,0
909,45527,45527,postgres,1,2,1,1,0,0,0
909,45529,45529,postgres,1,1,0,1,0,0,0
910,45516,45516,postgres,1,2,1,1,0,0,0
910,45530,45530,postgres,1,1,0,1,0,0,0
910,45523,45523,postgres,1,2,1,1,0,0,0
910,45517,45517,postgres,1,2,1,1,0,0,0
910,45528,45528,postgres,1,2,1,1,0,0,0
910,45513,45513,postgres,1,1,0,1,0,0,0
910,45508,45508,postgres,1,1,0,1,0,0,0
910,45514,45514,postgres,1,1,0,1,0,0,0
910,45527,45527,postgres,1,2,1,1,0,0,0
910,45531,45531,postgres,1,1,0,1,0,0,0
910,45497,45497,postgres,1,1,0,1,0,0,0
910,45512,45512,postgres,1,1,0,1,0,0,0
910,45347,45347,postgres,1,1,0,1,0,0,0
910,45522,45522,postgres,1,1,0,1,0,0,0
911,45516,45516,postgres,1,2,1,1,0,0,0
911,45523,45523,postgres,1,2,1,1,0,0,0
911,45517,45517,postgres,1,2,1,1,0,0,0
911,45528,45528,postgres,1,2,1,1,0,0,0
